PLACA,Grupo,Modelo Original frota,Modelo Padrão,Modelo Simplificado,Ano,Idade
ACX8999,Pesado,DUCATO CARGO 2.8 CURTO/LONGO TB DIESEL,FIAT DUCATO ,FIAT DUCATO ,2015,10.0
ASU8677,Kombi,KOMBI FURGÃO 1.4 MI TOTAL FLEX 8V,VW KOMBI,VW KOMBI,2011,14.0
AXA7630,Kombi,KOMBI STANDARD 1.4 MI TOTAL FLEX 8V,VW KOMBI,VW KOMBI,2014,11.0
AXH4H84,Kombi,KOMBI STANDARD 1.4 MI TOTAL FLEX 8V,VW KOMBI,VW KOMBI,2014,11.0
AXV6J76,Kombi,KOMBI STANDARD 1.4 MI TOTAL FLEX 8V,VW KOMBI,VW KOMBI,2014,11.0
BAJ7268,Caminhão4.2Ton,8-160 E DELIVERY 2P (DIESEL)(E5),VW 8  160 ,CAMINHÃO 3/4 ,2015,10.0
BAJ7269,Caminhão4.2Ton,8-160 E DELIVERY 2P (DIESEL)(E5),VW 8  160 ,CAMINHÃO 3/4 ,2015,10.0
BAV9082,Pesado,MASTER 2.8 FURGÃO 85CV DIESEL CURTO,RENAULT MASTER,RENAULT MASTER,2017,8.0
BAV9112,Pesado,MASTER 2.8 FURGÃO 85CV DIESEL CURTO,RENAULT MASTER,RENAULT MASTER,2017,8.0
BBH4B56,Pesado,SPRINTER 415 VAN STANDARD T.A. 2.2 DIES.,MB SPRINTER ,MB SPRINTER ,2017,8.0
BBS1662,Pesado,SPRINTER 311 STREET STD. 2.2 16LUG. DIES,MB SPRINTER ,MB SPRINTER ,2018,8.0
BBV7271,Pesado,SPRINTER 313 FURGÃO LONGO 2.2 129CV DIES,MB SPRINTER ,MB SPRINTER ,2018,7.0
BBW0C96,Caminhão12Ton,CARGO 2423 E 6X2 TURBO 2P (DIESEL)(E5),FORD CARGO 2423 ,CAMINHÃO TRUCK ,2019,6.0
BBX3631,Pesado,SPRINTER 313 VAN STREET STD. 16L. DIES.,MB SPRINTER ,MB SPRINTER ,2018,8.0
BCC9492,Leve,GOL 1.0 TREND/ POWER 8V 4P,VW GOL 1 0,VW GOL ,2018,8.0
BCC9519,Leve,GOL 1.0 TREND/ POWER 8V 4P,VW GOL 1 0,VW GOL ,2018,8.0
BCH3095,Leve,UNO ATTRACTIVE 1.0 FIRE FLEX 8V 5P,FIAT UNO,FIAT UNO ,2019,7.0
BCI3G04,Médio,STRADA WORKING HARD 1.4 FIRE FLEX 8V CS,FIAT STRADA ,FIAT STRADA ,2019,7.0
BCJ2731,Leve,ONIX HATCH JOY 1.0 8V FLEX 5P MEC.,GM ONIX ,GM ONIX ,2018,7.0
BCJ7J75,Médio,STRADA WORKING HARD 1.4 FIRE FLEX 8V CS,FIAT STRADA ,FIAT STRADA ,2019,7.0
BCJ9B46,Médio,STRADA WORKING HARD 1.4 FIRE FLEX 8V CS,FIAT STRADA ,FIAT STRADA ,2019,7.0
BCN5C73,Médio,SAVEIRO ROBUST 1.6 TOTAL FLEX 8V,VW SAVEIRO ,VW SAVEIRO ,2019,6.0
BCN5C75,Médio,SAVEIRO ROBUST 1.6 TOTAL FLEX 8V,VW SAVEIRO ,VW SAVEIRO ,2019,6.0
BCN5C76,Médio,SAVEIRO ROBUST 1.6 TOTAL FLEX 8V,VW SAVEIRO ,VW SAVEIRO ,2019,6.0
BCN5C78,Médio,SAVEIRO ROBUST 1.6 TOTAL FLEX 8V,VW SAVEIRO ,VW SAVEIRO ,2019,6.0
BCN8I58,Pesado,SPRINTER 313 VAN STREET STD. 16L. DIES.,MB SPRINTER ,MB SPRINTER ,2019,7.0
BCN9F78,Médio,FIORINO FURGÃO WORK. HARD 1.4 FLEX 8V 2P,FIAT FIORINO ,FIAT FIORINO ,2019,6.0
BCO1B96,Médio,FIORINO FURGÃO WORK. HARD 1.4 FLEX 8V 2P,FIAT FIORINO ,FIAT FIORINO ,2019,6.0
BCP6661,Leve,ONIX HATCH JOY 1.0 8V FLEX 5P MEC.,GM ONIX ,GM ONIX ,2019,6.0
BCQ3258,Leve,ONIX HATCH JOY 1.0 8V FLEX 5P MEC.,GM ONIX ,GM ONIX ,2019,6.0
BCQ3293,Leve,ONIX HATCH JOY 1.0 8V FLEX 5P MEC.,GM ONIX ,GM ONIX ,2019,6.0
BCQ7135,Pesado,SPRINTER 415 VAN STANDARD T.A. 2.2 DIES.,MB SPRINTER ,MB SPRINTER ,2019,6.0
BCQ7150,Pesado,SPRINTER 415 VAN STANDARD T.A. 2.2 DIES.,MB SPRINTER ,MB SPRINTER ,2019,6.0
BCQ7154,Pesado,SPRINTER 415 VAN STANDARD T.A. 2.2 DIES.,MB SPRINTER ,MB SPRINTER ,2019,6.0
BCQ7156,Pesado,SPRINTER 415 VAN STANDARD T.A. 2.2 DIES.,MB SPRINTER ,MB SPRINTER ,2019,6.0
BCQ7158,Pesado,SPRINTER 415 FURGÃO LON.T.ALTO 2.2 DIES,MB SPRINTER ,MB SPRINTER ,2019,6.0
BCQ7519,Pesado,DUCATO CARGO CURTO 2.3 16V DIESEL,FIAT DUCATO ,FIAT DUCATO ,2018,7.0
BCQ7B44,Pesado,SPRINTER 415 FURGÃO LON.T.ALTO 2.2 DIES,MB SPRINTER ,MB SPRINTER ,2019,6.0
BCQ7B49,Pesado,SPRINTER 415 VAN STANDARD T.A. 2.2 DIES.,MB SPRINTER ,MB SPRINTER ,2019,6.0
BCQ7B53,Pesado,SPRINTER 415 FURGÃO LON.T.ALTO 2.2 DIES,MB SPRINTER ,MB SPRINTER ,2019,6.0
BCQ7B55,Pesado,SPRINTER 415 FURGÃO LON.T.ALTO 2.2 DIES,MB SPRINTER ,MB SPRINTER ,2019,6.0
BCS8D11,Médio,STRADA WORKING HARD 1.4 FIRE FLEX 8V CS,FIAT STRADA ,FIAT STRADA ,2019,7.0
BCS8D34,Pesado,DUCATO CHASSI 2.3 16V DIESEL,FIAT DUCATO CHASSI ,FIAT DUCATO ,2018,7.0
BCS8D41,Leve,UNO ATTRACTIVE 1.0 FIRE FLEX 8V 5P,FIAT UNO,FIAT UNO ,2019,7.0
BCS8D48,Leve,UNO ATTRACTIVE 1.0 FIRE FLEX 8V 5P,FIAT UNO,FIAT UNO ,2019,7.0
BCS8E03,Médio,STRADA WORKING HARD 1.4 FIRE FLEX 8V CS,FIAT STRADA ,FIAT STRADA ,2019,7.0
BCS8F03,Médio,SAVEIRO ROBUST 1.6 TOTAL FLEX 8V,VW SAVEIRO ,VW SAVEIRO ,2019,6.0
BCS8F15,Leve,GOL 1.0 FLEX 12V 5P,VW GOL 1 0,VW GOL ,2019,6.0
BCS8J35,Médio,SAVEIRO ROBUST 1.6 TOTAL FLEX 8V,VW SAVEIRO ,VW SAVEIRO ,2019,6.0
BCT9F37,Pesado,DUCATO CARGO MÉDIO 2.3 16V DIESEL,FIAT DUCATO ,FIAT DUCATO ,2018,7.0
BCV8D45,Caminhão12Ton,CARGO 2423 E 6X2 TURBO 2P (DIESEL)(E5),FORD CARGO 2423 ,CAMINHÃO TRUCK ,2019,6.0
BCV8D47,Caminhão12Ton,CARGO 2423 E 6X2 TURBO 2P (DIESEL)(E5),FORD CARGO 2423 ,CAMINHÃO TRUCK ,2019,6.0
BCV9J79,Caminhão12Ton,CARGO 2423 E 6X2 TURBO 2P (DIESEL)(E5),FORD CARGO 2423 ,CAMINHÃO TRUCK ,2019,6.0
BCX6C13,Leve,ONIX HATCH JOY 1.0 8V FLEX 5P MEC.,GM ONIX ,GM ONIX ,2019,6.0
BCY4D22,Médio,STRADA WORKING HARD 1.4 FIRE FLEX 8V CS,FIAT STRADA ,FIAT STRADA ,2019,7.0
BCY4D56,Médio,STRADA WORKING HARD 1.4 FIRE FLEX 8V CS,FIAT STRADA ,FIAT STRADA ,2019,7.0
BCY5F19,Caminhão12Ton,CARGO 2423 E 6X2 TURBO 2P (DIESEL)(E5),FORD CARGO 2423 ,CAMINHÃO TRUCK ,2019,6.0
BCY8C39,Leve,GOL 1.0 FLEX 12V 5P,VW GOL 1 0,VW GOL ,2019,6.0
BCY8J01,Pesado,MASTER 2.8 FURGÃO 85CV DIESEL CURTO,RENAULT MASTER,RENAULT MASTER,2019,6.0
BCY8J02,Pesado,MASTER 2.8 FURGÃO 85CV DIESEL CURTO,RENAULT MASTER,RENAULT MASTER,2019,6.0
BCY8J17,Médio,FIORINO FURGÃO WORK. HARD 1.4 FLEX 8V 2P,FIAT FIORINO ,FIAT FIORINO ,2019,6.0
BCY8J18,Pesado,MASTER 2.8 FURGÃO 85CV DIESEL CURTO,RENAULT MASTER,RENAULT MASTER,2019,6.0
BCZ3J21,Pesado,MASTER 2.3 DCI GRAND FURGÃO16V DIESEL,RENAULT MASTER,RENAULT MASTER,2020,5.0
BCZ3J22,Pesado,MASTER 2.8 FURGÃO 85CV DIESEL CURTO,RENAULT MASTER,RENAULT MASTER,2020,5.0
BCZ3J23,Pesado,MASTER 2.8 FURGÃO 85CV DIESEL CURTO,RENAULT MASTER,RENAULT MASTER,2020,5.0
BCZ7B03,Pesado,MASTER 2.8 FURGÃO 85CV DIESEL CURTO,RENAULT MASTER,RENAULT MASTER,2020,5.0
BCZ8J97,Leve,UNO DRIVE 1.0 FLEX 6V 5P,FIAT UNO,FIAT UNO ,2019,6.0
BDC6I45,Médio,SAVEIRO ROBUST 1.6 TOTAL FLEX 8V,VW SAVEIRO ,VW SAVEIRO ,2019,6.0
BDC6I49,Médio,SAVEIRO ROBUST 1.6 TOTAL FLEX 8V,VW SAVEIRO ,VW SAVEIRO ,2019,6.0
BDC6I51,Médio,SAVEIRO ROBUST 1.6 TOTAL FLEX 8V,VW SAVEIRO ,VW SAVEIRO ,2019,6.0
BDC7G72,Médio,SAVEIRO ROBUST 1.6 TOTAL FLEX 8V,VW SAVEIRO ,VW SAVEIRO ,2019,6.0
BDC9J75,Pesado,MASTER 2.8 FURGÃO 85CV DIESEL CURTO,RENAULT MASTER,RENAULT MASTER,2020,5.0
BDC9J76,Pesado,MASTER 2.3 DCI EXTRA FURGÃO 16V DIESEL,RENAULT MASTER,RENAULT MASTER,2020,6.0
BDC9J78,Pesado,MASTER 2.8 FURGÃO 85CV DIESEL CURTO,RENAULT MASTER,RENAULT MASTER,2020,5.0
BDC9J79,Pesado,MASTER 2.8 FURGÃO 85CV DIESEL CURTO,RENAULT MASTER,RENAULT MASTER,2020,5.0
BDC9J82,Pesado,MASTER 2.8 FURGÃO 85CV DIESEL CURTO,RENAULT MASTER,RENAULT MASTER,2020,5.0
BDC9J83,Pesado,MASTER 2.3 DCI FURGÃO 16V DIESEL,RENAULT MASTER CURTA,RENAULT MASTER,2020,5.0
BDC9J85,Pesado,MASTER 2.8 FURGÃO 85CV DIESEL CURTO,RENAULT MASTER,RENAULT MASTER,2020,5.0
BDC9J86,Pesado,MASTER 2.8 FURGÃO 85CV DIESEL CURTO,RENAULT MASTER,RENAULT MASTER,2020,5.0
BDD0B32,Pesado,MASTER 2.8 FURGÃO 85CV DIESEL CURTO,RENAULT MASTER,RENAULT MASTER,2020,5.0
BDD0B37,Pesado,MASTER 2.3 DCI EXTRA FURGÃO 16V DIESEL,RENAULT MASTER,RENAULT MASTER,2020,6.0
BDD0B38,Pesado,MASTER 2.3 DCI EXTRA FURGÃO 16V DIESEL,RENAULT MASTER,RENAULT MASTER,2020,6.0
BDD3B63,Pesado,MASTER 2.8 FURGÃO 85CV DIESEL CURTO,RENAULT MASTER,RENAULT MASTER,2020,5.0
BDD3B65,Pesado,MASTER 2.3 DCI EXTRA FURGÃO 16V DIESEL,RENAULT MASTER,RENAULT MASTER,2020,6.0
BDD3B67,Caminhão4.2Ton,CARGO 816 E/816 S TURBO 2P (DIESEL)(E5),FORD CARGO 816 S,CAMINHÃO 3/4,2019,6.0
BDD3B68,Pesado,MASTER 2.8 FURGÃO 85CV DIESEL CURTO,RENAULT MASTER,RENAULT MASTER,2020,5.0
BDD3B71,Caminhão4.2Ton,CARGO 816 E/816 S TURBO 2P (DIESEL)(E5),FORD CARGO 816 S,CAMINHÃO 3/4,2019,6.0
BDD3B73,Caminhão4.2Ton,CARGO 816 E/816 S TURBO 2P (DIESEL)(E5),FORD CARGO 816 S,CAMINHÃO 3/4,2019,6.0
BDD4A12,Leve,GOL 1.6 MSI FLEX 8V 5P,VW GOL 1 6,VW GOL ,2019,6.0
BDD4A14,Leve,GOL 1.6 MI POWER TOTAL FLEX 8V 4P,VW GOL 1 6,VW GOL ,2019,6.0
BDD6E16,Pesado,DUCATO MAXICARGO 2.3 16V DIESEL,FIAT DUCATO ,FIAT DUCATO ,2019,6.0
BDD6E20,Pesado,DUCATO MAXICARGO 2.3 16V DIESEL,FIAT DUCATO ,FIAT DUCATO ,2019,6.0
BDD6F94,Caminhão4.2Ton,CARGO 816 E/816 S TURBO 2P (DIESEL)(E5),FORD CARGO 816 S,CAMINHÃO 3/4,2019,6.0
BDD6J41,Moto,CG 160 FAN ESDI FLEXONE,CG 160 ,MOTO CG,2019,6.0
BDE1E73,Caminhão4.2Ton,CARGO 816 E/816 S TURBO 2P (DIESEL)(E5),FORD CARGO 816 S,CAMINHÃO 3/4,2019,6.0
BDE2G99,Médio,STRADA WORKING HARD 1.4 FIRE FLEX 8V CS,FIAT STRADA ,FIAT STRADA ,2020,6.0
BDE2H14,Médio,STRADA WORKING HARD 1.4 FIRE FLEX 8V CS,FIAT STRADA ,FIAT STRADA ,2020,6.0
BDE2H17,Médio,STRADA WORKING HARD 1.4 FIRE FLEX 8V CS,FIAT STRADA ,FIAT STRADA ,2020,6.0
BDE2H29,Médio,STRADA WORKING HARD 1.4 FIRE FLEX 8V CS,FIAT STRADA ,FIAT STRADA ,2020,6.0
BDE6J88,Caminhão4.2Ton,CARGO 816 E/816 S TURBO 2P (DIESEL)(E5),FORD CARGO 816 S,CAMINHÃO 3/4,2019,6.0
BDF4I79,Médio,STRADA WORKING HARD 1.4 FIRE FLEX 8V CS,FIAT STRADA ,FIAT STRADA ,2020,6.0
BDF6H37,Leve,GOL 1.6 MSI FLEX 8V 5P,VW GOL 1 6,VW GOL ,2020,5.0
BDF6H38,Leve,GOL 1.6 MSI FLEX 8V 5P,VW GOL 1 6,VW GOL ,2020,5.0
BDF6H45,Leve,GOL 1.6 MSI FLEX 8V 5P,VW GOL 1 6,VW GOL ,2020,5.0
BDI3D70,Médio,STRADA WORKING HARD 1.4 FIRE FLEX 8V CS,FIAT STRADA ,FIAT STRADA ,2020,6.0
BDI5H52,Médio,STRADA WORKING HARD 1.4 FIRE FLEX 8V CS,FIAT STRADA ,FIAT STRADA ,2020,6.0
BDI6I13,Pesado,DUCATO MAXICARGO 2.3 16V DIESEL,FIAT DUCATO ,FIAT DUCATO ,2019,6.0
BDI9G34,Médio,STRADA WORKING HARD 1.4 FIRE FLEX 8V CS,FIAT STRADA ,FIAT STRADA ,2020,6.0
BDK7C03,Leve,UNO DRIVE 1.0 FLEX 6V 5P,FIAT UNO,FIAT UNO ,2020,5.0
BDL4B04,Médio,STRADA WORKING HARD 1.4 FIRE FLEX 8V CS,FIAT STRADA ,FIAT STRADA ,2020,6.0
BDL9G03,Leve,UNO ATTRACTIVE 1.0 FIRE FLEX 8V 5P,FIAT UNO,FIAT UNO ,2020,6.0
BDM6A46,Médio,SAVEIRO ROBUST 1.6 TOTAL FLEX 8V,VW SAVEIRO ,VW SAVEIRO ,2020,5.0
BDN7J86,Leve,GOL 1.6 MSI FLEX 8V 5P,VW GOL 1 6,VW GOL ,2020,5.0
BDN7J89,Leve,GOL 1.6 MSI FLEX 8V 5P,VW GOL 1 6,VW GOL ,2020,5.0
BDN9C56,Caminhão4.2Ton,CARGO 816 E/816 S TURBO 2P (DIESEL)(E5),FORD CARGO 816 S,CAMINHÃO 3/4,2019,6.0
BDN9H23,Pesado,S10 PICK-UP LS 2.4 F.POWER 4X2 CS,GM S10 ,GM S10 ,2020,5.0
BDO4A59,Médio,STRADA WORKING HARD 1.4 FIRE FLEX 8V CS,FIAT STRADA ,FIAT STRADA ,2020,6.0
BDP9A84,Leve,UNO DRIVE 1.0 FLEX 6V 5P,FIAT UNO,FIAT UNO ,2020,5.0
BDQ7G14,Leve,UNO DRIVE 1.0 FLEX 6V 5P,FIAT UNO,FIAT UNO ,2020,5.0
BDQ7J83,Leve,ONIX HATCH JOY 1.0 8V FLEX 5P MEC.,GM ONIX ,GM ONIX ,2019,6.0
BDQ8A27,Leve,ONIX HATCH JOY 1.0 8V FLEX 5P MEC.,GM ONIX ,GM ONIX ,2019,6.0
BDQ8B16,Leve,ONIX HATCH LT 1.0 12V FLEX 5P MEC.,GM ONIX ,GM ONIX ,2019,6.0
BDS2F92,Leve,GOL 1.0 FLEX 12V 5P,VW GOL 1 0,VW GOL ,2020,5.0
BDS2F96,Leve,GOL 1.0 FLEX 12V 5P,VW GOL 1 0,VW GOL ,2020,5.0
BDS2G17,Leve,GOL 1.0 FLEX 12V 5P,VW GOL 1 0,VW GOL ,2020,5.0
BDS2G23,Leve,GOL 1.0 FLEX 12V 5P,VW GOL 1 0,VW GOL ,2020,5.0
BDS2G31,Leve,GOL 1.0 FLEX 12V 5P,VW GOL 1 0,VW GOL ,2020,5.0
BDS2G43,Leve,GOL 1.0 FLEX 12V 5P,VW GOL 1 0,VW GOL ,2020,5.0
BDS2G79,Leve,GOL 1.0 FLEX 12V 5P,VW GOL 1 0,VW GOL ,2020,5.0
BDS2H24,Leve,GOL 1.0 FLEX 12V 5P,VW GOL 1 0,VW GOL ,2020,5.0
BDS2H51,Leve,GOL 1.0 FLEX 12V 5P,VW GOL 1 0,VW GOL ,2020,5.0
BDS2H55,Leve,GOL 1.0 FLEX 12V 5P,VW GOL 1 0,VW GOL ,2020,5.0
BDS2H58,Leve,GOL 1.0 FLEX 12V 5P,VW GOL 1 0,VW GOL ,2020,5.0
BDS2H60,Leve,GOL 1.0 FLEX 12V 5P,VW GOL 1 0,VW GOL ,2020,5.0
BDS2H62,Leve,GOL 1.0 FLEX 12V 5P,VW GOL 1 0,VW GOL ,2020,5.0
BDS2H70,Leve,GOL 1.0 FLEX 12V 5P,VW GOL 1 0,VW GOL ,2020,5.0
BDS2I16,Leve,GOL 1.0 FLEX 12V 5P,VW GOL 1 0,VW GOL ,2020,5.0
BDS4A75,Leve,ONIX HATCH JOY 1.0 8V FLEX 5P MEC.,GM ONIX ,GM ONIX ,2020,5.0
BDU5G74,Caminhão12Ton,24-280 E CONSTEL. 8X2 2P (DIESEL)(E5),VW 24 280,CAMINHÃO TRUCK ,2020,5.0
BDU5G85,Caminhão12Ton,24-280 E CONSTEL. 8X2 2P (DIESEL)(E5),VW 24 280,CAMINHÃO TRUCK ,2020,5.0
BDU5G86,Caminhão12Ton,24-280 E CONSTEL. 6X2 2P (DIESEL)(E5),VW 24 280,CAMINHÃO TRUCK ,2020,5.0
BDU6J33,Caminhão5Ton,9-170 DELIVERY 2P (DIESEL)(E5),VW 9 170 ,CAMINHÃO 3/4,2020,5.0
BDV5E04,Leve,VOYAGE 1.6 MSI FLEX 8V 4P,VW VOYAGE,VW VOYAGE,2020,5.0
BDV6G76,Pesado,HR 2.5 TCI DIESEL (RS/RD),HY HR,HY HR,2020,5.0
BDV6G78,Pesado,HR 2.5 TCI DIESEL (RS/RD),HY HR,HY HR,2020,5.0
BDW0J50,Moto,CG 160 START,CG 160 ,MOTO CG,2020,5.0
BDW3F49,Pesado,DUCATO MAXICARGO 2.3 16V DIESEL,FIAT DUCATO ,FIAT DUCATO ,2019,6.0
BDW3F61,Médio,FIORINO FURGÃO WORK. HARD 1.4 FLEX 8V 2P,FIAT FIORINO ,FIAT FIORINO ,2020,5.0
BDW3F64,Médio,FIORINO FURGÃO WORK. HARD 1.4 FLEX 8V 2P,FIAT FIORINO ,FIAT FIORINO ,2020,5.0
BDW4F10,Médio,SAVEIRO ROBUST 1.6 TOTAL FLEX 8V,VW SAVEIRO ,VW SAVEIRO ,2021,4.0
BDW4F13,Médio,SAVEIRO ROBUST 1.6 TOTAL FLEX 8V,VW SAVEIRO ,VW SAVEIRO ,2021,4.0
BDW4F16,Médio,SAVEIRO ROBUST 1.6 TOTAL FLEX 8V,VW SAVEIRO ,VW SAVEIRO ,2021,4.0
BDX9F69,Médio,FIORINO FURGÃO WORK. HARD 1.4 FLEX 8V 2P,FIAT FIORINO ,FIAT FIORINO ,2020,5.0
BDX9F70,Médio,FIORINO FURGÃO WORK. HARD 1.4 FLEX 8V 2P,FIAT FIORINO ,FIAT FIORINO ,2020,5.0
BDY7I29,Caminhão12Ton,24-280 E CONSTEL. 6X2 2P (DIESEL)(E5),VW 24 280,CAMINHÃO TRUCK ,2021,4.0
BEA1I66,Leve,ONIX HATCH JOY 1.0 8V FLEX 5P MEC.,GM ONIX ,GM ONIX ,2020,5.0
BEA9E56,Leve,VOYAGE 1.6 MSI FLEX 8V 4P,VW VOYAGE,VW VOYAGE,2021,4.0
BEA9E63,Leve,VOYAGE 1.6 MSI FLEX 8V 4P,VW VOYAGE,VW VOYAGE,2021,4.0
BEB5D58,Leve,VOYAGE 1.6 MSI FLEX 8V 4P,VW VOYAGE,VW VOYAGE,2021,4.0
BEB5D72,Leve,VOYAGE 1.6 MSI FLEX 8V 4P,VW VOYAGE,VW VOYAGE,2021,4.0
BEB5D94,Leve,VOYAGE 1.6 MSI FLEX 8V 4P,VW VOYAGE,VW VOYAGE,2021,4.0
BEB5D96,Leve,VOYAGE 1.6 MSI FLEX 8V 4P,VW VOYAGE,VW VOYAGE,2021,4.0
BEB7C51,Pesado,S10 PICK-UP LTZ 2.5 FLEX 4X2 CD,GM S10 ,GM S10 ,2020,5.0
BEB7C52,Médio,STRADA WORKING HARD 1.4 FIRE FLEX 8V CS,FIAT STRADA ,FIAT STRADA ,2020,6.0
BEB7C54,Médio,STRADA WORKING HARD 1.4 FIRE FLEX 8V CS,FIAT STRADA ,FIAT STRADA ,2020,6.0
BEB7C55,Médio,STRADA WORKING HARD 1.4 FIRE FLEX 8V CS,FIAT STRADA ,FIAT STRADA ,2020,6.0
BEB7C66,Médio,STRADA WORKING HARD 1.4 FIRE FLEX 8V CS,FIAT STRADA ,FIAT STRADA ,2020,6.0
BEB7C69,Médio,FIORINO FURGÃO WORK. HARD 1.4 FLEX 8V 2P,FIAT FIORINO ,FIAT FIORINO ,2020,5.0
BEB7C70,Médio,FIORINO FURGÃO WORK. HARD 1.4 FLEX 8V 2P,FIAT FIORINO ,FIAT FIORINO ,2020,5.0
BEB7C71,Médio,FIORINO FURGÃO WORK. HARD 1.4 FLEX 8V 2P,FIAT FIORINO ,FIAT FIORINO ,2020,5.0
BEB7C73,Médio,FIORINO FURGÃO WORK. HARD 1.4 FLEX 8V 2P,FIAT FIORINO ,FIAT FIORINO ,2020,5.0
BEB9E20,Pesado,MASTER 2.3 DCI GRAND FURGÃO16V DIESEL,RENAULT MASTER,RENAULT MASTER,2021,4.0
BED3G62,Médio,STRADA WORKING HARD 1.4 FIRE FLEX 8V CS,FIAT STRADA ,FIAT STRADA ,2020,6.0
BEE5H50,Leve,ONIX HATCH JOY 1.0 8V FLEX 5P MEC.,GM ONIX ,GM ONIX ,2020,5.0
BEE6B29,Pesado,MASTER 2.3 DCI GRAND FURGÃO16V DIESEL,RENAULT MASTER,RENAULT MASTER,2021,4.0
BEE8B91,Médio,SAVEIRO ROBUST 1.6 TOTAL FLEX 8V,VW SAVEIRO ,VW SAVEIRO ,2021,4.0
BEF0E36,Médio,SAVEIRO ROBUST 1.6 TOTAL FLEX 8V,VW SAVEIRO ,VW SAVEIRO ,2021,4.0
BEF0E38,Médio,SAVEIRO ROBUST 1.6 TOTAL FLEX 8V,VW SAVEIRO ,VW SAVEIRO ,2021,4.0
BEF6F72,Médio,SAVEIRO ROBUST 1.6 TOTAL FLEX 8V,VW SAVEIRO ,VW SAVEIRO ,2021,4.0
BEF9E74,Médio,SAVEIRO ROBUST 1.6 TOTAL FLEX 8V,VW SAVEIRO ,VW SAVEIRO ,2021,4.0
BEF9E75,Médio,SAVEIRO ROBUST 1.6 TOTAL FLEX 8V,VW SAVEIRO ,VW SAVEIRO ,2021,4.0
BEG1F33,Médio,SAVEIRO ROBUST 1.6 TOTAL FLEX 8V,VW SAVEIRO ,VW SAVEIRO ,2021,4.0
BEG6D98,Pesado,MASTER 2.3 DCI GRAND FURGÃO16V DIESEL,RENAULT MASTER,RENAULT MASTER,2021,4.0
BEG7J06,Médio,STRADA ENDURANCE 1.4 FLEX 8V CS PLUS,FIAT STRADA ,FIAT STRADA ,2021,5.0
BEH4A83,Médio,SAVEIRO ROBUST 1.6 TOTAL FLEX 8V,VW SAVEIRO ,VW SAVEIRO ,2021,4.0
BEH4A84,Médio,SAVEIRO ROBUST 1.6 TOTAL FLEX 8V,VW SAVEIRO ,VW SAVEIRO ,2021,4.0
BEH4A85,Médio,SAVEIRO ROBUST 1.6 TOTAL FLEX 8V,VW SAVEIRO ,VW SAVEIRO ,2021,4.0
BEH8F17,Médio,SAVEIRO ROBUST 1.6 TOTAL FLEX 8V,VW SAVEIRO ,VW SAVEIRO ,2021,4.0
BEH9B88,Leve,GOL 1.0 FLEX 12V 5P,VW GOL 1 0,VW GOL ,2021,4.0
BEH9G97,Médio,SAVEIRO ROBUST 1.6 TOTAL FLEX 8V,VW SAVEIRO ,VW SAVEIRO ,2021,4.0
BEI1I51,Médio,SAVEIRO ROBUST 1.6 TOTAL FLEX 8V,VW SAVEIRO ,VW SAVEIRO ,2021,4.0
BEJ7J54,Médio,STRADA ENDURANCE 1.4 FLEX 8V CS PLUS,FIAT STRADA ,FIAT STRADA ,2021,5.0
BEJ9B74,Pesado,S10 PICK-UP LT 2.8 TDI 4X4 CD DIESEL AUT,GM S10 LT,GM S10 ,2021,4.0
BEK3H44,Pesado,MASTER 2.3 DCI GRAND FURGÃO16V DIESEL,RENAULT MASTER,RENAULT MASTER,2021,4.0
BEK3H46,Pesado,MASTER 2.3 DCI GRAND FURGÃO16V DIESEL,RENAULT MASTER,RENAULT MASTER,2021,4.0
BEK3H48,Pesado,MASTER 2.3 DCI GRAND FURGÃO16V DIESEL,RENAULT MASTER,RENAULT MASTER,2021,4.0
BEO4E39,Caminhão17Ton,30-280 CONSTELLATION 8X2 2P (DIESEL)(E5),VW 30 280 ,CAMINHÃO BITRUCK,2021,4.0
BEO6I93,Caminhão12Ton,24-280 E CONSTEL. 8X2 2P (DIESEL)(E5),VW 24 280,CAMINHÃO TRUCK ,2021,4.0
BEP1I21,Pesado,MASTER 2.3 DCI GRAND FURGÃO16V DIESEL,RENAULT MASTER,RENAULT MASTER,2021,4.0
BEP1I25,Pesado,MASTER 2.3 DCI GRAND FURGÃO16V DIESEL,RENAULT MASTER,RENAULT MASTER,2021,4.0
BEP1I29,Pesado,MASTER 2.3 DCI GRAND FURGÃO16V DIESEL,RENAULT MASTER,RENAULT MASTER,2021,4.0
BEP1I40,Pesado,MASTER 2.3 DCI GRAND FURGÃO16V DIESEL,RENAULT MASTER,RENAULT MASTER,2021,4.0
BEP1I42,Pesado,MASTER 2.3 DCI GRAND FURGÃO16V DIESEL,RENAULT MASTER,RENAULT MASTER,2021,4.0
BEP1I43,Pesado,MASTER 2.3 DCI GRAND FURGÃO16V DIESEL,RENAULT MASTER,RENAULT MASTER,2021,4.0
BEP5J81,Médio,STRADA ENDURANCE 1.4 FLEX 8V CS PLUS,FIAT STRADA ,FIAT STRADA ,2021,5.0
BEP5J86,Médio,STRADA ENDURANCE 1.4 FLEX 8V CS PLUS,FIAT STRADA ,FIAT STRADA ,2021,5.0
BEP9C20,Pesado,MASTER 2.3 DCI GRAND FURGÃO16V DIESEL,RENAULT MASTER,RENAULT MASTER,2021,4.0
BEQ2A54,Médio,FIORINO ENDURANCE EVO 1.4 FLEX 8V 2P,FIAT FIORINO ,FIAT FIORINO ,2021,4.0
BEQ2A59,Médio,FIORINO ENDURANCE EVO 1.4 FLEX 8V 2P,FIAT FIORINO ,FIAT FIORINO ,2021,4.0
BEQ2I34,Leve,GOL 1.0 FLEX 12V 5P,VW GOL 1 0,VW GOL ,2021,4.0
BER8D99,Médio,STRADA ENDURANCE 1.4 FLEX 8V CS PLUS,FIAT STRADA ,FIAT STRADA ,2021,5.0
BER8E07,Médio,STRADA ENDURANCE 1.4 FLEX 8V CS PLUS,FIAT STRADA ,FIAT STRADA ,2021,5.0
BET7D67,Pesado,MASTER 2.3 DCI GRAND FURGÃO16V DIESEL,RENAULT MASTER,RENAULT MASTER,2021,4.0
BET9B48,Médio,STRADA WORKING HARD 1.4 FIRE FLEX 8V CS,FIAT STRADA ,FIAT STRADA ,2020,6.0
BET9B50,Médio,STRADA WORKING HARD 1.4 FIRE FLEX 8V CS,FIAT STRADA ,FIAT STRADA ,2020,6.0
BET9B51,Médio,STRADA WORKING HARD 1.4 FIRE FLEX 8V CS,FIAT STRADA ,FIAT STRADA ,2020,6.0
BET9B75,Médio,STRADA WORKING HARD 1.4 FIRE FLEX 8V CS,FIAT STRADA ,FIAT STRADA ,2020,6.0
BET9B76,Médio,STRADA WORKING HARD 1.4 FIRE FLEX 8V CS,FIAT STRADA ,FIAT STRADA ,2020,6.0
BET9C52,Médio,STRADA WORKING HARD 1.4 FIRE FLEX 8V CS,FIAT STRADA ,FIAT STRADA ,2020,6.0
BET9D01,Médio,STRADA WORKING HARD 1.4 FIRE FLEX 8V CS,FIAT STRADA ,FIAT STRADA ,2020,6.0
BEU4B13,Médio,SAVEIRO ROBUST 1.6 TOTAL FLEX 8V,VW SAVEIRO ,VW SAVEIRO ,2021,4.0
BEU4B15,Médio,SAVEIRO ROBUST 1.6 TOTAL FLEX 8V,VW SAVEIRO ,VW SAVEIRO ,2021,4.0
BEU4B17,Médio,SAVEIRO ROBUST 1.6 TOTAL FLEX 8V,VW SAVEIRO ,VW SAVEIRO ,2021,4.0
BEW7E14,Caminhão5.5Ton,ACCELO 1016 2P (DIESEL) (E5),MB ACCELO 1016,CAMINHÃO 3/4 ,2021,4.0
BEX2E95,Caminhão5.5Ton,ACCELO 1016 2P (DIESEL) (E5),MB ACCELO 1017,CAMINHÃO 3/4,2021,4.0
BEX5B97,Médio,FIORINO ENDURANCE EVO 1.4 FLEX 8V 2P,FIAT FIORINO ,FIAT FIORINO ,2021,4.0
BEX5B98,Médio,FIORINO ENDURANCE EVO 1.4 FLEX 8V 2P,FIAT FIORINO ,FIAT FIORINO ,2021,4.0
BEX5C01,Médio,FIORINO ENDURANCE EVO 1.4 FLEX 8V 2P,FIAT FIORINO ,FIAT FIORINO ,2021,4.0
BEX5C02,Médio,FIORINO ENDURANCE EVO 1.4 FLEX 8V 2P,FIAT FIORINO ,FIAT FIORINO ,2021,4.0
BEX5C03,Médio,FIORINO ENDURANCE EVO 1.4 FLEX 8V 2P,FIAT FIORINO ,FIAT FIORINO ,2021,4.0
BEX5C04,Médio,FIORINO ENDURANCE EVO 1.4 FLEX 8V 2P,FIAT FIORINO ,FIAT FIORINO ,2021,4.0
BEX5C07,Médio,FIORINO ENDURANCE EVO 1.4 FLEX 8V 2P,FIAT FIORINO ,FIAT FIORINO ,2021,4.0
BEX5C08,Médio,FIORINO ENDURANCE EVO 1.4 FLEX 8V 2P,FIAT FIORINO ,FIAT FIORINO ,2021,4.0
BEX5C09,Médio,FIORINO ENDURANCE EVO 1.4 FLEX 8V 2P,FIAT FIORINO ,FIAT FIORINO ,2021,4.0
BEX5C10,Médio,FIORINO ENDURANCE EVO 1.4 FLEX 8V 2P,FIAT FIORINO ,FIAT FIORINO ,2021,4.0
BEX5C13,Médio,FIORINO ENDURANCE EVO 1.4 FLEX 8V 2P,FIAT FIORINO ,FIAT FIORINO ,2021,4.0
BEX5C16,Médio,FIORINO ENDURANCE EVO 1.4 FLEX 8V 2P,FIAT FIORINO ,FIAT FIORINO ,2021,4.0
BEX5C17,Médio,FIORINO ENDURANCE EVO 1.4 FLEX 8V 2P,FIAT FIORINO ,FIAT FIORINO ,2021,4.0
BEX5C18,Médio,FIORINO ENDURANCE EVO 1.4 FLEX 8V 2P,FIAT FIORINO ,FIAT FIORINO ,2021,4.0
BEX8E15,Pesado,MASTER 2.8 FURGÃO 85CV DIESEL CURTO,RENAULT MASTER,RENAULT MASTER,2022,3.0
BEX8E16,Pesado,MASTER 2.8 FURGÃO 85CV DIESEL CURTO,RENAULT MASTER,RENAULT MASTER,2022,3.0
BEX8E17,Pesado,MASTER 2.8 FURGÃO 85CV DIESEL CURTO,RENAULT MASTER,RENAULT MASTER,2022,3.0
BEX8E18,Pesado,MASTER 2.3 DCI GRAND FURGÃO16V DIESEL,RENAULT MASTER,RENAULT MASTER,2022,3.0
BEX8E19,Pesado,MASTER 2.3 DCI GRAND FURGÃO16V DIESEL,RENAULT MASTER,RENAULT MASTER,2022,3.0
BEX8E21,Pesado,MASTER 2.3 DCI GRAND FURGÃO16V DIESEL,RENAULT MASTER,RENAULT MASTER,2022,3.0
BEX8E22,Pesado,MASTER 2.8 FURGÃO 85CV DIESEL CURTO,RENAULT MASTER,RENAULT MASTER,2022,3.0
BEX8E23,Pesado,MASTER 2.3 DCI GRAND FURGÃO16V DIESEL,RENAULT MASTER,RENAULT MASTER,2022,3.0
BEX8E24,Pesado,MASTER 2.3 DCI GRAND FURGÃO16V DIESEL,RENAULT MASTER,RENAULT MASTER,2022,3.0
BEX8E26,Pesado,MASTER 2.3 DCI GRAND FURGÃO16V DIESEL,RENAULT MASTER,RENAULT MASTER,2022,3.0
BEY3F46,Pesado,MASTER 2.3 DCI GRAND FURGÃO16V DIESEL,RENAULT MASTER,RENAULT MASTER,2022,3.0
BEY4E57,Pesado,MASTER 2.3 DCI GRAND FURGÃO16V DIESEL,RENAULT MASTER,RENAULT MASTER,2022,3.0
BEY4E58,Pesado,MASTER 2.3 DCI GRAND FURGÃO16V DIESEL,RENAULT MASTER,RENAULT MASTER,2022,3.0
BEY4E59,Pesado,MASTER 2.3 DCI GRAND FURGÃO16V DIESEL,RENAULT MASTER,RENAULT MASTER,2022,3.0
BEY5A95,Leve,UNO ATTRACTIVE 1.0 FIRE FLEX 8V 5P,FIAT UNO,FIAT UNO ,2021,5.0
BEY5B10,Leve,UNO ATTRACTIVE 1.0 FIRE FLEX 8V 5P,FIAT UNO,FIAT UNO ,2021,5.0
BEY8E17,Médio,DUSTER OROCH EXPRESS 1.6 FLEX 16V MEC.,RENAULT OROCH,RENAULT OROCH,2022,3.0
FDH4784,Kombi,KOMBI STANDARD 1.4 MI TOTAL FLEX 8V,VW KOMBI,VW KOMBI,2013,12.0
RHA3E79,Caminhão12Ton,24-280 E CONSTEL. 8X2 2P (DIESEL)(E5),VW 24 280,CAMINHÃO TRUCK ,2022,3.0
RHB3H13,Leve,GOL 1.0 FLEX 12V 5P,VW GOL 1 0,VW GOL ,2022,3.0
RHB3H19,Leve,GOL 1.6 MI POWER TOTAL FLEX 8V 4P,VW GOL 1 6,VW GOL ,2022,3.0
RHB4F06,Leve,GOL 1.0 FLEX 12V 5P,VW GOL 1 0,VW GOL ,2022,3.0
RHB4F11,Leve,GOL 1.6 MI POWER TOTAL FLEX 8V 4P,VW GOL 1 6,VW GOL ,2022,3.0
RHB9G09,Médio,STRADA ENDURANCE 1.4 FLEX 8V CS PLUS,FIAT STRADA ,FIAT STRADA ,2021,5.0
RHB9H58,Médio,STRADA ENDURANCE 1.4 FLEX 8V CS PLUS,FIAT STRADA ,FIAT STRADA ,2021,5.0
RHB9H89,Leve,GOL 1.0 FLEX 12V 5P,VW GOL 1 0,VW GOL ,2022,3.0
RHC1F97,Leve,GOL 1.6 MSI FLEX 8V 5P,VW GOL 1 6,VW GOL ,2022,3.0
RHC1F99,Leve,GOL 1.6 MI POWER TOTAL FLEX 8V 4P,VW GOL 1 6,VW GOL ,2022,3.0
RHC1G03,Leve,GOL 1.6 MSI FLEX 8V 5P,VW GOL 1 6,VW GOL ,2022,3.0
RHC2E17,Leve,GOL 1.0 FLEX 12V 5P,VW GOL 1 0,VW GOL ,2022,3.0
RHC2F18,Leve,GOL 1.0 FLEX 12V 5P,VW GOL 1 0,VW GOL ,2022,3.0
RHD6F72,Médio,STRADA ENDURANCE 1.4 FLEX 8V CS PLUS,FIAT STRADA ,FIAT STRADA ,2021,5.0
RHD6G02,Médio,STRADA ENDURANCE 1.4 FLEX 8V CS PLUS,FIAT STRADA ,FIAT STRADA ,2021,5.0
RHD6G25,Médio,STRADA ENDURANCE 1.4 FLEX 8V CS PLUS,FIAT STRADA ,FIAT STRADA ,2021,5.0
RHD8A32,Caminhão12Ton,24-280 E CONSTEL. 8X2 2P (DIESEL)(E5),VW 24 280,CAMINHÃO TRUCK ,2022,3.0
RHD8A33,Caminhão10.5Ton,17-230 WORKER 2P (DIESEL)(E5),VW 17 230 CRM,CAMINHÃO TOCO ,2022,3.0
RHD9F31,Médio,STRADA ENDURANCE 1.4 FLEX 8V CS PLUS,FIAT STRADA ,FIAT STRADA ,2021,5.0
RHD9F39,Médio,STRADA ENDURANCE 1.4 FLEX 8V CS PLUS,FIAT STRADA ,FIAT STRADA ,2021,5.0
RHD9F45,Médio,STRADA ENDURANCE 1.4 FLEX 8V CS PLUS,FIAT FIORINO ,FIAT FIORINO ,2021,5.0
RHE1F56,Caminhão12Ton,24-280 E CONSTEL. 8X2 2P (DIESEL)(E5),VW 24 280,CAMINHÃO TRUCK ,2022,3.0
RHE2E95,Caminhão7.5Ton,14-190 CONSTELLATION 2P (DIESEL)(E5),VW 14 190 ,CAMINHÃO TOCO ,2022,3.0
RHF1B45,Leve,UNO DRIVE 1.0 FLEX 6V 5P,FIAT UNO,FIAT UNO ,2021,4.0
RHF9G22,Caminhão6Ton,11-180 DELIVERY 4X2 2P (DIESEL)(E6),VW 11 180 DRC 4X2,CAMINHÃO 3/4,2022,3.0
RHG3A96,Leve,UNO DRIVE 1.0 FLEX 6V 5P,FIAT UNO,FIAT UNO ,2021,4.0
RHI1F61,Leve,UNO ATTRACTIVE 1.0 FIRE FLEX 8V 5P,FIAT UNO,FIAT UNO ,2021,5.0
RHI1F64,Leve,UNO ATTRACTIVE 1.0 FIRE FLEX 8V 5P,FIAT UNO,FIAT UNO ,2021,5.0
RHI4F42,Caminhão5.5Ton,ACCELO 1016 2P (DIESEL) (E5),MB ACCELO 1016,CAMINHÃO 3/4,2021,4.0
RHI5D30,Médio,STRADA ENDURANCE 1.4 FLEX 8V CD,FIAT STRADA ,FIAT STRADA ,2022,4.0
RHK2E55,Leve,UNO ATTRACTIVE 1.0 FIRE FLEX 8V 5P,FIAT UNO,FIAT UNO ,2021,5.0
RHK2E61,Leve,UNO ATTRACTIVE 1.0 FIRE FLEX 8V 5P,FIAT UNO,FIAT UNO ,2021,5.0
RHK2E62,Leve,UNO ATTRACTIVE 1.0 FIRE FLEX 8V 5P,FIAT UNO,FIAT UNO ,2021,5.0
RHK2E63,Leve,UNO ATTRACTIVE 1.0 FIRE FLEX 8V 5P,FIAT UNO,FIAT UNO ,2021,5.0
RHK3I92,Leve,UNO ATTRACTIVE 1.0 FIRE FLEX 8V 5P,FIAT UNO,FIAT UNO ,2021,5.0
RHK5H76,Leve,GOL 1.6 MI POWER TOTAL FLEX 8V 4P,VW GOL 1 6,VW GOL ,2021,4.0
RHK5H85,leve,GOL 1.6 MI POWER TOTAL FLEX 8V 4P,VW GOL 1 6,VW GOL ,2022,3.0
RHK5H89,Leve,GOL 1.6 MI POWER TOTAL FLEX 8V 4P,VW GOL 1 6,VW GOL ,2022,3.0
RHK5H90,Leve,GOL 1.6 MI POWER TOTAL FLEX 8V 4P,VW GOL 1 6,VW GOL ,2022,3.0
RHK6G28,Leve,UNO ATTRACTIVE 1.0 FIRE FLEX 8V 5P,FIAT UNO,FIAT UNO ,2021,5.0
RHK6G38,Leve,UNO ATTRACTIVE 1.0 FIRE FLEX 8V 5P,FIAT UNO,FIAT UNO ,2021,5.0
RHK6G43,Leve,UNO ATTRACTIVE 1.0 FIRE FLEX 8V 5P,FIAT UNO,FIAT UNO ,2021,5.0
RHK6G46,Leve,UNO ATTRACTIVE 1.0 FIRE FLEX 8V 5P,FIAT UNO,FIAT UNO ,2021,5.0
RHK6G53,Leve,UNO ATTRACTIVE 1.0 FIRE FLEX 8V 5P,FIAT UNO,FIAT UNO ,2021,5.0
RHK6G78,Leve,UNO ATTRACTIVE 1.0 FIRE FLEX 8V 5P,FIAT UNO,FIAT UNO ,2021,5.0
RHK7J53,Leve,UNO ATTRACTIVE 1.0 FIRE FLEX 8V 5P,FIAT UNO,FIAT UNO ,2021,5.0
RHK8F86,Pesado,MASTER 2.3 DCI FURGÃO 16V DIESEL,RENAULT MASTER CURTA,RENAULT MASTER,2022,3.0
RHL1D81,Pesado,MASTER 2.3 DCI FURGÃO 16V DIESEL,RENAULT MASTER CURTA,RENAULT MASTER,2022,3.0
RHL1G23,Pesado,MASTER 2.3 DCI FURGÃO 16V DIESEL,RENAULT MASTER CURTA,RENAULT MASTER,2022,3.0
RHL2D89,Pesado,MASTER 2.8 FURGÃO 85CV DIESEL CURTO,RENAULT MASTER CURTA,RENAULT MASTER,2022,3.0
RHL3E03,Caminhão12Ton,24-280 E CONSTEL. 8X2 2P (DIESEL)(E5),VW 24 280,CAMINHÃO TRUCK ,2022,3.0
RHL3E04,Caminhão12Ton,24-280 E CONSTEL. 8X2 2P (DIESEL)(E5),VW 24 280,CAMINHÃO TRUCK ,2022,3.0
RHL5F68,Pesado,MASTER 2.3 DCI FURGÃO 16V DIESEL,RENAULT MASTER CURTA,RENAULT MASTER,2022,3.0
RHM5I33,Leve,GOL 1.0 FLEX 12V 5P,VW GOL 1 0,VW GOL ,2022,3.0
RHM5I41,LEVE,GOL 1.0 FLEX 12V 5P,VW GOL 1 0,VW GOL ,2022,3.0
RHM5I66,Leve,GOL 1.0 FLEX 12V 5P,VW GOL 1 0,VW GOL ,2022,3.0
RHM8F11,Leve,GOL 1.0 FLEX 12V 5P,VW GOL 1 0,VW GOL ,2022,3.0
RHN6E33,Leve,GOL 1.0 FLEX 12V 5P,VW GOL 1 0,VW GOL ,2022,3.0
RHN8C54,Caminhão4.2Ton,ACCELO 815 2P (DIESEL) (E5),MB ACELLO 815,CAMINHÃO 3/4 ,2022,3.0
RHO3E71,Caminhão5.5Ton,ACCELO 1016 2P (DIESEL) (E5),MB ACCELO 1016,CAMINHÃO 3/4,2022,3.0
RHO4H26,Leve,ONIX HATCH 1.0 12V FLEX 5P MEC.,GM ONIX ,GM ONIX ,2022,3.0
RHO5E10,Pesado,DUCATO MAXICARGO 2.3 16V DIESEL,FIAT DUCATO ,FIAT DUCATO ,2021,4.0
RHP4I83,Caminhão4.2Ton,ACCELO 815 2P (DIESEL) (E5),MB ACELLO 815,CAMINHÃO 3/4 ,2022,3.0
RHP7C47,Pesado,MASTER 2.3 DCI GRAND FURGÃO16V DIESEL,RENAULT MASTER,RENAULT MASTER,2022,3.0
RHP7C49,Pesado,MASTER 2.3 DCI GRAND FURGÃO16V DIESEL,RENAULT MASTER,RENAULT MASTER,2022,3.0
RHP7C50,Pesado,MASTER 2.8 FURGÃO 85CV DIESEL CURTO,RENAULT MASTER,RENAULT MASTER,2022,3.0
RHP7C51,Pesado,MASTER 2.3 DCI GRAND FURGÃO16V DIESEL,RENAULT MASTER,RENAULT MASTER,2022,3.0
RHP9I35,Pesado,MASTER 2.8 FURGÃO 85CV DIESEL CURTO,RENAULT MASTER,RENAULT MASTER,2022,3.0
RHQ4D38,Caminhão5Ton,9-170 DELIVERY 2P (DIESEL)(E5),VW 9 170 ,CAMINHÃO 3/4,2022,3.0
RHQ4D39,Caminhão6Ton,11-180 DELIVERY 4X2 2P (DIESEL)(E6),VW 11 180,CAMINHÃO 3/4,2022,3.0
RHQ4D40,Caminhão6Ton,11-180 DELIVERY 4X2 2P (DIESEL)(E6),VW 11 180,CAMINHÃO 3/4,2022,3.0
RHQ6I61,Pesado,MASTER 2.3 DCI GRAND FURGÃO16V DIESEL,RENAULT MASTER,RENAULT MASTER,2022,3.0
RHQ6I63,Pesado,MASTER 2.3 DCI GRAND FURGÃO16V DIESEL,RENAULT MASTER,RENAULT MASTER,2022,3.0
RHQ6I66,Pesado,MASTER 2.3 DCI GRAND FURGÃO16V DIESEL,RENAULT MASTER,RENAULT MASTER,2022,3.0
RHQ6I69,Pesado,MASTER 2.3 DCI GRAND FURGÃO16V DIESEL,RENAULT MASTER,RENAULT MASTER,2022,3.0
RHQ6I70,Pesado,MASTER 2.8 FURGÃO 85CV DIESEL CURTO,RENAULT MASTER,RENAULT MASTER,2022,3.0
RHR6J81,Leve,ONIX HATCH JOY 1.0 8V FLEX 5P MEC.,GM ONIX ,GM ONIX ,2021,4.0
RHS3G77,Pesado,MASTER 2.3 DCI GRAND FURGÃO16V DIESEL,RENAULT MASTER,RENAULT MASTER,2022,3.0
RHS3G78,Pesado,MASTER 2.3 DCI GRAND FURGÃO16V DIESEL,RENAULT MASTER,RENAULT MASTER,2022,3.0
RHS3G79,Pesado,MASTER 2.3 DCI GRAND FURGÃO16V DIESEL,RENAULT MASTER,RENAULT MASTER,2022,3.0
RHS3G80,Pesado,MASTER 2.3 DCI GRAND FURGÃO16V DIESEL,RENAULT MASTER,RENAULT MASTER,2022,3.0
RHS3G81,Pesado,MASTER 2.3 DCI GRAND FURGÃO16V DIESEL,RENAULT MASTER,RENAULT MASTER,2022,3.0
RHS8D12,Médio,FIORINO ENDURANCE EVO 1.4 FLEX 8V 2P,FIAT FIORINO ,FIAT FIORINO ,2022,3.0
RHS8D13,Médio,FIORINO ENDURANCE EVO 1.4 FLEX 8V 2P,FIAT FIORINO ,FIAT FIORINO ,2022,3.0
RHS8D14,Médio,FIORINO ENDURANCE EVO 1.4 FLEX 8V 2P,FIAT FIORINO ,FIAT FIORINO ,2022,3.0
RHS8D15,Médio,FIORINO ENDURANCE EVO 1.4 FLEX 8V 2P,FIAT FIORINO ,FIAT FIORINO ,2022,3.0
RHS8D16,Médio,FIORINO ENDURANCE EVO 1.4 FLEX 8V 2P,FIAT FIORINO ,FIAT FIORINO ,2022,3.0
RHS8D17,Médio,FIORINO ENDURANCE EVO 1.4 FLEX 8V 2P,FIAT FIORINO ,FIAT FIORINO ,2022,3.0
RHS8D18,Médio,FIORINO ENDURANCE EVO 1.4 FLEX 8V 2P,FIAT FIORINO ,FIAT FIORINO ,2022,3.0
RHS8D20,Médio,FIORINO ENDURANCE EVO 1.4 FLEX 8V 2P,FIAT FIORINO ,FIAT FIORINO ,2022,3.0
RHS8D21,Médio,FIORINO ENDURANCE EVO 1.4 FLEX 8V 2P,FIAT FIORINO ,FIAT FIORINO ,2022,3.0
RHS8D22,Médio,FIORINO ENDURANCE EVO 1.4 FLEX 8V 2P,FIAT FIORINO ,FIAT FIORINO ,2022,3.0
RHS8D23,Médio,FIORINO ENDURANCE EVO 1.4 FLEX 8V 2P,FIAT FIORINO ,FIAT FIORINO ,2022,3.0
RHS8D24,Médio,FIORINO ENDURANCE EVO 1.4 FLEX 8V 2P,FIAT FIORINO ,FIAT FIORINO ,2022,3.0
RHS8D25,Médio,FIORINO ENDURANCE EVO 1.4 FLEX 8V 2P,FIAT FIORINO ,FIAT FIORINO ,2022,3.0
RHS8D27,Médio,FIORINO ENDURANCE EVO 1.4 FLEX 8V 2P,FIAT FIORINO ,FIAT FIORINO ,2022,3.0
RHS8D29,Médio,FIORINO ENDURANCE EVO 1.4 FLEX 8V 2P,FIAT FIORINO ,FIAT FIORINO ,2022,3.0
RHS8D30,Médio,FIORINO ENDURANCE EVO 1.4 FLEX 8V 2P,FIAT FIORINO ,FIAT FIORINO ,2022,3.0
RHS8D31,Médio,FIORINO ENDURANCE EVO 1.4 FLEX 8V 2P,FIAT FIORINO ,FIAT FIORINO ,2022,3.0
RHS8D32,Médio,FIORINO ENDURANCE EVO 1.4 FLEX 8V 2P,FIAT FIORINO ,FIAT FIORINO ,2022,3.0
RHS8D34,Médio,FIORINO ENDURANCE EVO 1.4 FLEX 8V 2P,FIAT FIORINO ,FIAT FIORINO ,2022,3.0
RHS8D35,Médio,FIORINO ENDURANCE EVO 1.4 FLEX 8V 2P,FIAT FIORINO ,FIAT FIORINO ,2022,3.0
RHS8D37,Médio,FIORINO ENDURANCE EVO 1.4 FLEX 8V 2P,FIAT FIORINO ,FIAT FIORINO ,2022,3.0
RHS8D39,Médio,FIORINO ENDURANCE EVO 1.4 FLEX 8V 2P,FIAT FIORINO ,FIAT FIORINO ,2022,3.0
RHS8D40,Médio,FIORINO ENDURANCE EVO 1.4 FLEX 8V 2P,FIAT FIORINO ,FIAT FIORINO ,2022,3.0
RHS8D41,Médio,FIORINO ENDURANCE EVO 1.4 FLEX 8V 2P,FIAT FIORINO ,FIAT FIORINO ,2022,3.0
RHT0B69,Caminhão5.5Ton,ACCELO 1016 2P (DIESEL) (E5),MB ACCELO 1016,CAMINHÃO 3/4,2022,3.0
RHT2C47,Caminhão5Ton,9-170 DELIVERY 2P (DIESEL)(E5),VW 9 170 ,CAMINHÃO 3/4,2022,3.0
RHT2C48,Caminhão5Ton,9-170 DELIVERY 2P (DIESEL)(E5),VW 9 170 ,CAMINHÃO 3/4,2022,3.0
RHT2G08,Caminhão5.5Ton,ACCELO 1016 2P (DIESEL) (E5),MB ACCELO 1016,CAMINHÃO 3/4,2022,3.0
RHT2G09,Caminhão5.5Ton,ACCELO 1016 2P (DIESEL) (E5),MB ACCELO 1016,CAMINHÃO 3/4,2022,3.0
RHT5A96,Médio,STRADA ENDURANCE 1.4 FLEX 8V CS PLUS,FIAT STRADA ,FIAT STRADA ,2022,4.0
RHT5A98,Pesado,FIORINO ENDURANCE EVO 1.4 FLEX 8V 2P,FIAT FIORINO ,FIAT FIORINO ,2022,3.0
RHT5B02,Médio,FIORINO ENDURANCE EVO 1.4 FLEX 8V 2P,FIAT FIORINO ,FIAT FIORINO ,2022,3.0
RHT7C39,Médio,STRADA ENDURANCE 1.4 FLEX 8V CS PLUS,FIAT STRADA ,FIAT STRADA ,2022,4.0
RHT7C67,Médio,STRADA ENDURANCE 1.4 FLEX 8V CS PLUS,FIAT STRADA ,FIAT STRADA ,2022,4.0
RHT9E50,Médio,FIORINO ENDURANCE EVO 1.4 FLEX 8V 2P,FIAT FIORINO ,FIAT FIORINO ,2022,3.0
RHU0G62,Pesado,DUCATO MAXICARGO 2.3 16V DIESEL,FIAT DUCATO ,FIAT DUCATO ,2021,4.0
RHV3D87,Médio,STRADA ENDURANCE 1.4 FLEX 8V CS PLUS,FIAT STRADA ,FIAT STRADA ,2022,4.0
RHV3E07,Médio,STRADA ENDURANCE 1.4 FLEX 8V CS PLUS,FIAT STRADA ,FIAT STRADA ,2022,4.0
RHV3E09,Médio,STRADA ENDURANCE 1.4 FLEX 8V CS PLUS,FIAT STRADA ,FIAT STRADA ,2022,4.0
RHV8B69,Médio,STRADA ENDURANCE 1.4 FLEX 8V CS PLUS,FIAT STRADA ,FIAT STRADA ,2022,4.0
RHV8B80,Médio,STRADA ENDURANCE 1.4 FLEX 8V CS PLUS,FIAT STRADA ,FIAT STRADA ,2022,4.0
RHZ7G20,Médio,STRADA ENDURANCE 1.4 FLEX 8V CS PLUS,FIAT STRADA ,FIAT STRADA ,2022,4.0
RHZ7G21,Médio,STRADA ENDURANCE 1.4 FLEX 8V CS PLUS,FIAT STRADA ,FIAT STRADA ,2022,4.0
SDP3I30,Caminhão17Ton,VM 330 8X2 2P (DIESEL) (E5),VOLVO VM 330 8X2R,CAMINHÃO BITRUCK,2022,3.0
SDP3I31,Caminhão17Ton,VM 330 8X2 2P (DIESEL) (E5),VOLVO VM 330 8X2R,CAMINHÃO BITRUCK,2022,3.0
SDP5J32,Pesado,MASTER 2.3 DCI GRAND FURGÃO16V DIESEL,RENAULT MASTER,RENAULT MASTER,2023,2.0
SDP5J33,Pesado,MASTER 2.3 DCI GRAND FURGÃO16V DIESEL,RENAULT MASTER,RENAULT MASTER,2023,2.0
SDP5J34,Pesado,MASTER 2.3 DCI GRAND FURGÃO16V DIESEL,RENAULT MASTER,RENAULT MASTER,2023,2.0
SDP5J35,Pesado,MASTER 2.3 DCI GRAND FURGÃO16V DIESEL,RENAULT MASTER,RENAULT MASTER,2023,2.0
SDP7F84,Leve,208 ACTIVE 1.6 FLEX 16V 5P AUT.,PEUGEOT ,PEUGEOT ,2022,3.0
SDR4D25,Médio,STRADA ENDURANCE 1.4 FLEX 8V CS PLUS,FIAT STRADA ,FIAT STRADA ,2023,3.0
SDR4D32,Médio,STRADA ENDURANCE 1.4 FLEX 8V CS PLUS,FIAT STRADA ,FIAT STRADA ,2023,3.0
SDR4D35,Médio,STRADA ENDURANCE 1.4 FLEX 8V CS PLUS,FIAT STRADA ,FIAT STRADA ,2023,3.0
SDR4D53,Leve,VOYAGE 1.0 FLEX 12V 4P,VW VOYAGE,VW VOYAGE,2023,2.0
SDR4D58,Leve,GOL 1.0 FLEX 12V 5P,VW GOL 1 0,VW GOL ,2023,2.0
SDR4D86,Leve,GOL 1.0 FLEX 12V 5P,VW GOL 1 0,VW GOL ,2023,2.0
SDR4D95,Leve,GOL 1.0 FLEX 12V 5P,VW GOL 1 0,VW GOL ,2022,3.0
SDR4D98,Leve,GOL 1.0 FLEX 12V 5P,VW GOL 1 0,VW GOL ,2023,2.0
SDR4D99,Leve,GOL 1.0 FLEX 12V 5P,VW GOL 1 6,VW GOL ,2023,2.0
SDR4E25,Leve,GOL 1.0 FLEX 12V 5P,VW GOL 1 0,VW GOL ,2023,2.0
SDR4E26,Leve,GOL 1.0 FLEX 12V 5P,VW GOL 1 0,VW GOL ,2023,2.0
SDR4E38,Médio,STRADA ENDURANCE 1.4 FLEX 8V CS PLUS,FIAT STRADA ,FIAT STRADA ,2023,3.0
SDR5H06,Leve,208 ACTIVE 1.6 FLEX 16V 5P AUT.,PEUGEOT ,PEUGEOT ,2023,2.0
SDR8D99,Médio,STRADA ENDURANCE 1.4 FLEX 8V CS PLUS,FIAT STRADA ,FIAT STRADA,2022,4.0
SDR8E01,Médio,STRADA ENDURANCE 1.4 FLEX 8V CS PLUS,FIAT STRADA ,FIAT STRADA ,2022,4.0
SDR8E04,Médio,STRADA ENDURANCE 1.4 FLEX 8V CS PLUS,FIAT STRADA ,FIAT STRADA,2022,4.0
SDR8E07,Médio,STRADA ENDURANCE 1.4 FLEX 8V CS PLUS,FIAT STRADA ,FIAT STRADA ,2022,4.0
SDR8E10,Médio,STRADA ENDURANCE 1.4 FLEX 8V CS PLUS,FIAT STRADA ,FIAT STRADA ,2022,4.0
SDR8E58,Leve,GOL 1.0 FLEX 12V 5P,VW GOL 1 0,VW GOL ,2023,2.0
SDR8E61,Leve,GOL 1.0 FLEX 12V 5P,VW GOL 1 0,VW GOL ,2023,2.0
SDR8E99,Leve,GOL 1.0 FLEX 12V 5P,VW GOL 1 0,VW GOL ,2023,2.0
SDR9D23,Leve,GOL 1.0 FLEX 12V 5P,VW GOL 1 0,VW GOL ,2023,2.0
SDR9E30,Médio,STRADA ENDURANCE 1.4 FLEX 8V CS PLUS,FIAT STRADA ,FIAT STRADA ,2022,4.0
SDS1H16,Médio,STRADA ENDURANCE 1.4 FLEX 8V CS PLUS,FIAT STRADA ,FIAT STRADA ,2022,4.0
SDS3D12,Pesado,MASTER 2.3 DCI GRAND FURGÃO16V DIESEL,RENAULT MASTER,RENAULT MASTER,2023,2.0
SDS3F57,Pesado,MASTER 2.3 DCI GRAND FURGÃO16V DIESEL,RENAULT MASTER,RENAULT MASTER,2023,2.0
SDS3F58,Pesado,MASTER 2.3 DCI GRAND FURGÃO16V DIESEL,RENAULT MASTER,RENAULT MASTER,2023,2.0
SDS3F59,Pesado,MASTER 2.3 DCI EXTRA FURGÃO 16V DIESEL,RENAULT MASTER,RENAULT MASTER,2023,3.0
SDT4A77,Médio,STRADA ENDURANCE 1.4 FLEX 8V CS PLUS,FIAT STRADA ,FIAT STRADA ,2022,4.0
SDT4A92,Médio,STRADA FREEDOM 1.3 FLEX 8V  CS PLUS,FIAT STRADA ,FIAT STRADA ,2022,4.0
SDT4A93,Médio,STRADA FREEDOM 1.3 FLEX 8V  CS PLUS,FIAT STRADA ,FIAT STRADA ,2022,4.0
SDT4B06,Médio,STRADA ENDURANCE 1.4 FLEX 8V CS PLUS,FIAT STRADA ,FIAT STRADA ,2022,4.0
SDT4B33,Médio,STRADA FREEDOM 1.3 FLEX 8V  CS PLUS,FIAT STRADA ,FIAT STRADA ,2022,4.0
SDT4B58,Médio,STRADA ENDURANCE 1.4 FLEX 8V CS PLUS,FIAT STRADA ,FIAT STRADA ,2022,4.0
SDT4B70,Médio,STRADA ENDURANCE 1.4 FLEX 8V CS PLUS,FIAT STRADA ,FIAT STRADA ,2022,4.0
SDT4B80,Médio,STRADA FREEDOM 1.3 FLEX 8V  CS PLUS,FIAT STRADA ,FIAT STRADA ,2022,4.0
SDT4G68,Médio,STRADA FREEDOM 1.3 FLEX 8V  CS PLUS,FIAT STRADA ,FIAT STRADA ,2022,4.0
SDT5A68,Médio,STRADA FREEDOM 1.3 FLEX 8V  CS PLUS,FIAT STRADA ,FIAT STRADA ,2022,4.0
SDT5A71,Médio,STRADA FREEDOM 1.3 FLEX 8V  CS PLUS,FIAT STRADA ,FIAT STRADA ,2022,4.0
SDT8I53,Médio,STRADA ENDURANCE 1.4 FLEX 8V CS PLUS,FIAT STRADA ,FIAT STRADA ,2022,4.0
SDT8I60,Médio,STRADA ENDURANCE 1.4 FLEX 8V CS PLUS,FIAT STRADA ,FIAT STRADA ,2022,4.0
SDT8I68,Médio,STRADA FREEDOM 1.3 FLEX 8V  CS PLUS,FIAT STRADA ,FIAT STRADA ,2022,4.0
SDT8I72,Médio,STRADA FREEDOM 1.3 FLEX 8V  CS PLUS,FIAT STRADA ,FIAT STRADA ,2022,4.0
SDT8J05,Médio,STRADA FREEDOM 1.3 FLEX 8V  CS PLUS,FIAT STRADA ,FIAT STRADA ,2022,4.0
SDT8J21,Médio,STRADA ENDURANCE 1.4 FLEX 8V CS PLUS,FIAT STRADA ,FIAT STRADA ,2022,4.0
SDT8J51,Médio,STRADA FREEDOM 1.3 FLEX 8V  CS PLUS,FIAT STRADA ,FIAT STRADA ,2022,4.0
SDT8J63,Médio,STRADA FREEDOM 1.3 FLEX 8V  CS PLUS,FIAT STRADA ,FIAT STRADA ,2022,4.0
SDT8J81,Médio,STRADA ENDURANCE 1.4 FLEX 8V CS PLUS,FIAT STRADA ,FIAT STRADA ,2022,4.0
SDU9E85,Médio,SAVEIRO ROBUST 1.6 TOTAL FLEX 16V ,VW SAVEIRO ,VW SAVEIRO ,2023,2.0
SDU9E86,Médio,SAVEIRO ROBUST 1.6 TOTAL FLEX 16V ,VW SAVEIRO ,VW SAVEIRO ,2023,2.0
SDU9E87,Médio,SAVEIRO ROBUST 1.6 TOTAL FLEX 16V ,VW SAVEIRO ,VW SAVEIRO ,2023,2.0
SDU9E88,Médio,SAVEIRO ROBUST 1.6 TOTAL FLEX 16V ,VW SAVEIRO ,VW SAVEIRO ,2023,2.0
SDU9E89,Médio,SAVEIRO ROBUST 1.6 TOTAL FLEX 16V ,VW SAVEIRO ,VW SAVEIRO ,2023,2.0
SDU9E92,Médio,SAVEIRO ROBUST 1.6 TOTAL FLEX 16V ,VW SAVEIRO ,VW SAVEIRO ,2023,2.0
SDU9E95,Médio,SAVEIRO ROBUST 1.6 TOTAL FLEX 16V ,VW SAVEIRO ,VW SAVEIRO ,2023,2.0
SDU9F01,Médio,SAVEIRO ROBUST 1.6 TOTAL FLEX 16V ,VW SAVEIRO ,VW SAVEIRO ,2023,2.0
SDU9F03,Médio,SAVEIRO ROBUST 1.6 TOTAL FLEX 16V ,VW SAVEIRO ,VW SAVEIRO ,2023,2.0
SDU9F45,Médio,SAVEIRO ROBUST 1.6 TOTAL FLEX 16V ,VW SAVEIRO ,VW SAVEIRO ,2023,2.0
SDU9F46,Médio,SAVEIRO ROBUST 1.6 TOTAL FLEX 16V ,VW SAVEIRO ,VW SAVEIRO ,2023,2.0
SDU9F49,Médio,SAVEIRO ROBUST 1.6 TOTAL FLEX 16V ,VW SAVEIRO ,VW SAVEIRO ,2023,2.0
SDU9F51,Médio,SAVEIRO ROBUST 1.6 TOTAL FLEX 16V ,VW SAVEIRO ,VW SAVEIRO ,2023,2.0
SDU9F54,Médio,SAVEIRO ROBUST 1.6 TOTAL FLEX 16V ,VW SAVEIRO ,VW SAVEIRO ,2023,2.0
SDU9F57,Médio,SAVEIRO ROBUST 1.6 TOTAL FLEX 16V ,VW SAVEIRO ,VW SAVEIRO ,2023,2.0
SDU9F60,Médio,SAVEIRO ROBUST 1.6 TOTAL FLEX 16V ,VW SAVEIRO ,VW SAVEIRO ,2023,2.0
SDU9F61,Médio,SAVEIRO ROBUST 1.6 TOTAL FLEX 16V ,VW SAVEIRO ,VW SAVEIRO ,2023,2.0
SDU9F62,Médio,SAVEIRO ROBUST 1.6 TOTAL FLEX 16V ,VW SAVEIRO ,VW SAVEIRO ,2023,2.0
SDU9F63,Médio,SAVEIRO ROBUST 1.6 TOTAL FLEX 16V ,VW SAVEIRO ,VW SAVEIRO ,2023,2.0
SDU9F64,Médio,SAVEIRO ROBUST 1.6 TOTAL FLEX 16V ,VW SAVEIRO ,VW SAVEIRO ,2023,2.0
SDU9F67,Médio,SAVEIRO ROBUST 1.6 TOTAL FLEX 16V ,VW SAVEIRO ,VW SAVEIRO ,2023,2.0
SDU9F69,Médio,SAVEIRO ROBUST 1.6 TOTAL FLEX 16V ,VW SAVEIRO ,VW SAVEIRO ,2023,2.0
SDU9F70,Médio,SAVEIRO ROBUST 1.6 TOTAL FLEX 16V ,VW SAVEIRO ,VW SAVEIRO ,2023,2.0
SDU9F71,Médio,SAVEIRO ROBUST 1.6 TOTAL FLEX 16V ,VW SAVEIRO ,VW SAVEIRO ,2023,2.0
SDU9F72,Médio,SAVEIRO ROBUST 1.6 TOTAL FLEX 16V ,VW SAVEIRO ,VW SAVEIRO ,2023,2.0
SDU9F73,Médio,SAVEIRO ROBUST 1.6 TOTAL FLEX 16V ,VW SAVEIRO ,VW SAVEIRO ,2023,2.0
SDU9F75,Médio,SAVEIRO ROBUST 1.6 TOTAL FLEX 16V ,VW SAVEIRO ,VW SAVEIRO ,2023,2.0
SDU9F76,Médio,SAVEIRO ROBUST 1.6 TOTAL FLEX 16V ,VW SAVEIRO ,VW SAVEIRO ,2023,2.0
SDU9F80,Médio,SAVEIRO ROBUST 1.6 TOTAL FLEX 16V ,VW SAVEIRO ,VW SAVEIRO ,2023,2.0
SDU9F84,Médio,SAVEIRO ROBUST 1.6 TOTAL FLEX 16V ,VW SAVEIRO ,VW SAVEIRO ,2023,2.0
SDU9F86,Médio,SAVEIRO ROBUST 1.6 TOTAL FLEX 16V ,VW SAVEIRO ,VW SAVEIRO ,2023,2.0
SDU9F88,Médio,SAVEIRO ROBUST 1.6 TOTAL FLEX 16V ,VW SAVEIRO ,VW SAVEIRO ,2023,2.0
SDU9F89,Médio,SAVEIRO ROBUST 1.6 TOTAL FLEX 16V ,VW SAVEIRO ,VW SAVEIRO ,2023,2.0
SDU9F93,Médio,SAVEIRO ROBUST 1.6 TOTAL FLEX 16V ,VW SAVEIRO ,VW SAVEIRO ,2023,2.0
SDU9F94,Médio,SAVEIRO ROBUST 1.6 TOTAL FLEX 16V ,VW SAVEIRO ,VW SAVEIRO ,2023,2.0
SDU9F96,Médio,SAVEIRO ROBUST 1.6 TOTAL FLEX 16V ,VW SAVEIRO ,VW SAVEIRO ,2023,2.0
SDU9F98,Médio,SAVEIRO ROBUST 1.6 TOTAL FLEX 16V ,VW SAVEIRO ,VW SAVEIRO ,2023,2.0
SDU9F99,Médio,SAVEIRO ROBUST 1.6 TOTAL FLEX 16V ,VW SAVEIRO ,VW SAVEIRO ,2023,2.0
SDU9G01,Médio,SAVEIRO ROBUST 1.6 TOTAL FLEX 16V ,VW SAVEIRO ,VW SAVEIRO ,2023,2.0
SDU9G02,Médio,SAVEIRO ROBUST 1.6 TOTAL FLEX 16V ,VW SAVEIRO ,VW SAVEIRO ,2023,2.0
SDU9G04,Médio,SAVEIRO ROBUST 1.6 TOTAL FLEX 16V ,VW SAVEIRO ,VW SAVEIRO ,2023,2.0
SDU9G05,Médio,SAVEIRO ROBUST 1.6 TOTAL FLEX 16V ,VW SAVEIRO ,VW SAVEIRO ,2023,2.0
SDU9G06,Médio,SAVEIRO ROBUST 1.6 TOTAL FLEX 16V ,VW SAVEIRO ,VW SAVEIRO ,2023,2.0
SDU9G07,Médio,SAVEIRO ROBUST 1.6 TOTAL FLEX 16V ,VW SAVEIRO ,VW SAVEIRO ,2023,2.0
SDU9G08,Médio,SAVEIRO ROBUST 1.6 TOTAL FLEX 16V ,VW SAVEIRO ,VW SAVEIRO ,2023,2.0
SDV2F78,Médio,SAVEIRO ROBUST 1.6 TOTAL FLEX 16V ,VW SAVEIRO ,VW SAVEIRO ,2023,2.0
SDV3E48,Leve,ONIX HATCH 1.0 12V FLEX 5P MEC.,ONIX 1 0,GM ONIX ,2023,2.0
SDV3E51,Leve,ONIX HATCH 1.0 12V FLEX 5P MEC.,ONIX 1 0,GM ONIX ,2023,2.0
SDV8E51,Pesado,SPRINTER 516 FURGÃO E.L.T. ALTO 2.2 DIES,MB SPRINTER CHASSI,MB SPRINTER ,2022,3.0
SDV8E52,Pesado,SPRINTER 516 FURGÃO E.L.T. ALTO 2.2 DIES,MB SPRINTER CHASSI,MB SPRINTER ,2022,3.0
SDV9C11,Médio,STRADA ENDURANCE 1.4 FLEX 8V CS PLUS,FIAT STRADA ,FIAT STRADA ,2023,3.0
SDW2F01,Médio,STRADA ENDURANCE 1.4 FLEX 8V CS PLUS,FIAT STRADA ,FIAT STRADA ,2022,4.0
SDW2F31,Médio,STRADA ENDURANCE 1.4 FLEX 8V CS PLUS,FIAT STRADA ,FIAT STRADA ,2023,3.0
SDW2F35,Médio,STRADA ENDURANCE 1.4 FLEX 8V CS PLUS,FIAT STRADA ,FIAT STRADA ,2023,3.0
SDW2G32,Médio,STRADA ENDURANCE 1.4 FLEX 8V CS PLUS,FIAT STRADA ,FIAT STRADA ,2022,4.0
SDW2G37,Médio,STRADA ENDURANCE 1.4 FLEX 8V CS PLUS,FIAT STRADA ,FIAT STRADA ,2023,3.0
SDW8B50,Caminhão6Ton,11-180 DELIVERY 4X2 2P (DIESEL)(E6),VW 11 180 DRC 4X2,CAMINHÃO 3/4,2023,2.0
SDX2J10,Médio,PARTNER RAPID BUSIN.1.4 FLEX MEC.,PEUGEOT ,PEUGEOT PARTNER ,2023,2.0
SDX2J11,Médio,PARTNER RAPID BUSIN.1.4 FLEX MEC.,PEUGEOT ,PEUGEOT PARTNER ,2022,3.0
SDX2J13,Médio,PARTNER RAPID BUSIN. PACK 1.4 FLEX MEC.,PEUGEOT ,PEUGEOT PARTNER ,2023,2.0
SDX2J14,Médio,PARTNER RAPID BUSIN.1.4 FLEX MEC.,PEUGEOT ,PEUGEOT PARTNER ,2022,3.0
SDX2J15,Médio,PARTNER RAPID BUSIN.1.4 FLEX MEC.,PEUGEOT ,PEUGEOT PARTNER ,2023,2.0
SDY6E93,Caminhão5Ton,9-170 DELIVERY 2P (DIESEL)(E5),VW 9 170 ,CAMINHÃO 3/4,2023,2.0
SDY6E95,Caminhão5Ton,9-170 DELIVERY 2P (DIESEL)(E5),VW 9 170 ,CAMINHÃO 3/4,2023,2.0
SEB8G64,Leve,ONIX SEDAN PLUS LT 1.0 12V TB FLEX MEC.,ONIX 1 0,GM ONIX ,2023,2.0
SEC0B48,Médio,STRADA ENDURANCE 1.4 FLEX 8V CS PLUS,FIAT STRADA ,FIAT STRADA ,2023,3.0
SEC0C40,Médio,STRADA FREEDOM 1.3 FLEX 8V CD,FIAT STRADA ,FIAT STRADA ,2022,4.0
SEC1E87,Leve,GOL 1.0 FLEX 12V 5P,VW GOL 1 0,VW GOL ,2023,2.0
SEC1F48,Leve,GOL 1.0 FLEX 12V 5P,VW GOL 1 0,VW GOL ,2023,2.0
SEC1F68,Leve,GOL 1.0 FLEX 12V 5P,VW GOL 1 0,VW GOL ,2023,2.0
SEC7A67,Leve,ARGO 1.0 6V FLEX.,FIAT ARGO,FIAT ARGO,2022,3.0
SED5F26,Médio,STRADA ENDURANCE 1.4 FLEX 8V CS PLUS,FIAT STRADA ,FIAT STRADA,2023,3.0
SED8D77,Pesado,MASTER 2.8 FURGÃO 85CV DIESEL CURTO,RENAULT MASTER,RENAULT MASTER,2023,2.0
SED9B28,Médio,STRADA ENDURANCE 1.4 FLEX 8V CS PLUS,FIAT STRADA ,FIAT STRADA ,2023,3.0
SED9B31,Médio,STRADA ENDURANCE 1.4 FLEX 8V CS PLUS,FIAT STRADA ,FIAT STRADA,2023,3.0
SED9B32,Médio,STRADA ENDURANCE 1.4 FLEX 8V CS PLUS,FIAT FIORINO ,FIAT FIORINO ,2022,4.0
SED9B36,Médio,STRADA ENDURANCE 1.4 FLEX 8V CS PLUS,FIAT STRADA ,FIAT STRADA ,2023,3.0
SEE9E81,Médio,STRADA ENDURANCE 1.4 FLEX 8V CS PLUS,FIAT STRADA ,FIAT STRADA ,2023,3.0
SEE9I31,Médio,STRADA ENDURANCE 1.4 FLEX 8V CS PLUS,FIAT STRADA ,FIAT STRADA ,2022,4.0
SEF8G22,Caminhão17Ton,VM 330 8X2 2P (DIESEL) (E5),VOLVO VM 330 8X2R,CAMINHÃO BITRUCK,2022,3.0
SEF8G23,Caminhão17Ton,VM 330 8X2 2P (DIESEL) (E5),VOLVO VM 330 8X2R,CAMINHÃO BITRUCK,2022,3.0
SEG5A66,Leve,POLO TRACK 1.0 FLEX 12V 5P,VW POLO,VW POLO,2023,3.0
SEG5A85,Leve,POLO TRACK 1.0 FLEX 12V 5P,VW POLO,VW POLO,2023,3.0
SEH0B26,Médio,SAVEIRO ROBUST 1.6 TOTAL FLEX 16V ,VW SAVEIRO ,VW SAVEIRO ,2023,2.0
SEH4I02,Pesado,MASTER 2.3 DCI EXTRA FURGÃO 16V DIESEL,RENAULT MASTER,RENAULT MASTER,2024,2.0
SEH4I04,Pesado,MASTER 2.3 DCI EXTRA FURGÃO 16V DIESEL,RENAULT MASTER,RENAULT MASTER,2024,2.0
SEH4I05,Pesado,MASTER 2.3 DCI EXTRA FURGÃO 16V DIESEL,RENAULT MASTER,RENAULT MASTER,2024,2.0
SEI4H72,Médio,SAVEIRO ROBUST 1.6 TOTAL FLEX 16V ,VW SAVEIRO ,VW SAVEIRO ,2023,2.0
SEI5B84,Médio,SAVEIRO ROBUST 1.6 TOTAL FLEX 16V ,VW SAVEIRO ,VW SAVEIRO ,2023,2.0
SEI5B85,Médio,SAVEIRO ROBUST 1.6 TOTAL FLEX 16V ,VW SAVEIRO ,VW SAVEIRO ,2023,2.0
SEI5B87,Médio,SAVEIRO ROBUST 1.6 TOTAL FLEX 16V ,VW SAVEIRO ,VW SAVEIRO ,2023,2.0
SEI5B90,Médio,SAVEIRO ROBUST 1.6 TOTAL FLEX 16V ,VW SAVEIRO ,VW SAVEIRO ,2023,2.0
SEI5B92,Médio,SAVEIRO ROBUST 1.6 TOTAL FLEX 16V ,VW SAVEIRO ,VW SAVEIRO ,2023,2.0
SEI5B93,Médio,SAVEIRO ROBUST 1.6 TOTAL FLEX 16V ,VW SAVEIRO ,VW SAVEIRO ,2023,2.0
SEI5B94,Médio,SAVEIRO ROBUST 1.6 TOTAL FLEX 16V ,VW SAVEIRO ,VW SAVEIRO ,2023,2.0
SEJ1H96,Pesado,MASTER 2.3 DCI GRAND FURGÃO16V DIESEL,RENAULT MASTER,RENAULT MASTER,2024,1.0
SEJ1H97,Pesado,MASTER 2.3 DCI GRAND FURGÃO16V DIESEL,RENAULT MASTER,RENAULT MASTER,2024,1.0
SEJ1H99,Pesado,MASTER 2.3 DCI GRAND FURGÃO16V DIESEL,RENAULT MASTER,RENAULT MASTER,2024,1.0
SEK9C81,Pesado,MASTER 2.3 DCI EXTRA FURGÃO 16V DIESEL,RENAULT MASTER,RENAULT MASTER,2024,2.0
SEL0B95,Pesado,MASTER 2.3 DCI FURGÃO 16V DIESEL,RENAULT MASTER CURTA,RENAULT MASTER,2024,1.0
SEL0B96,Pesado,MASTER 2.3 DCI FURGÃO 16V DIESEL,RENAULT MASTER CURTA,RENAULT MASTER,2024,1.0
SEL0E72,Pesado,MASTER 2.3 DCI FURGÃO 16V DIESEL,RENAULT MASTER CURTA,RENAULT MASTER,2024,1.0
SEL0E74,Pesado,MASTER 2.3 DCI FURGÃO 16V DIESEL,RENAULT MASTER CURTA,RENAULT MASTER,2024,1.0
SEL0E75,Pesado,MASTER 2.3 DCI FURGÃO 16V DIESEL,RENAULT MASTER CURTA,RENAULT MASTER,2024,1.0
SEL0E76,Pesado,MASTER 2.3 DCI FURGÃO 16V DIESEL,RENAULT MASTER CURTA,RENAULT MASTER,2024,1.0
SEL1F32,Pesado,MASTER 2.3 DCI FURGÃO 16V DIESEL,RENAULT MASTER CURTA,RENAULT MASTER,2024,1.0
SEL1F35,Pesado,MASTER 2.3 DCI FURGÃO 16V DIESEL,RENAULT MASTER CURTA,RENAULT MASTER,2024,1.0
SEL1F39,Pesado,MASTER 2.3 DCI FURGÃO 16V DIESEL,RENAULT MASTER CURTA,RENAULT MASTER,2024,1.0
SEL1F40,Pesado,MASTER 2.3 DCI FURGÃO 16V DIESEL,RENAULT MASTER CURTA,RENAULT MASTER,2024,1.0
SEL1F42,Pesado,MASTER 2.3 DCI FURGÃO 16V DIESEL,RENAULT MASTER CURTA,RENAULT MASTER,2024,1.0
SEL1F43,Pesado,MASTER 2.3 DCI FURGÃO 16V DIESEL,RENAULT MASTER CURTA,RENAULT MASTER,2024,1.0
SEL1F45,Pesado,MASTER 2.3 DCI FURGÃO 16V DIESEL,RENAULT MASTER CURTA,RENAULT MASTER,2024,1.0
SEL2B40,Pesado,MASTER 2.3 DCI FURGÃO 16V DIESEL,RENAULT MASTER CURTA,RENAULT MASTER,2024,1.0
SEL5J83,Pesado,MASTER 2.3 DCI GRAND FURGÃO16V DIESEL,RENAULT MASTER,RENAULT MASTER,2024,1.0
SEL5J84,Pesado,MASTER 2.3 DCI GRAND FURGÃO16V DIESEL,RENAULT MASTER,RENAULT MASTER,2024,1.0
SEL5J85,Pesado,MASTER 2.3 DCI GRAND FURGÃO16V DIESEL,RENAULT MASTER,RENAULT MASTER,2024,1.0
SEL5J86,Pesado,MASTER 2.3 DCI GRAND FURGÃO16V DIESEL,RENAULT MASTER,RENAULT MASTER,2024,1.0
SEL5J90,Pesado,MASTER 2.3 DCI GRAND FURGÃO16V DIESEL,RENAULT MASTER,RENAULT MASTER,2024,1.0
SEL7G42,Pesado,MASTER 2.3 DCI FURGÃO 16V DIESEL,RENAULT MASTER CURTA,RENAULT MASTER,2024,1.0
SEN1C13,Leve,POLO TRACK 1.0 FLEX 12V 5P,VW POLO,VW POLO,2023,3.0
SEN1C55,Leve,POLO TRACK 1.0 FLEX 12V 5P,VW POLO,VW POLO,2023,3.0
SEN1C56,Leve,POLO TRACK 1.0 FLEX 12V 5P,VW POLO,VW POLO,2023,3.0
SEN8A12,Caminhão6Ton,11-180 DELIVERY 4X2 2P (DIESEL)(E6),VW 11 180,CAMINHÃO 3/4,2023,2.0
SEO2G25,Caminhão6Ton,11-180 DELIVERY 4X2 2P (DIESEL)(E6),VW 11 180,CAMINHÃO 3/4,2023,2.0
SEO8J46,Caminhão17Ton,30-330 CONSTELLATION 8X2 2P (DIESEL)(E5),VOLVO VM 330 ,CAMINHÃO BITRUCK,2023,2.0
SEP3C39,Médio,STRADA ENDURANCE 1.4 FLEX 8V CS PLUS,FIAT STRADA ,FIAT STRADA ,2023,3.0
SEP6E11,Médio,SAVEIRO ROBUST 1.6 TOTAL FLEX 16V ,VW SAVEIRO ,VW SAVEIRO ,2023,2.0
SEP6E12,Médio,SAVEIRO ROBUST 1.6 TOTAL FLEX 16V ,VW SAVEIRO ,VW SAVEIRO ,2023,2.0
SEP6E14,Médio,SAVEIRO ROBUST 1.6 TOTAL FLEX 16V ,VW SAVEIRO ,VW SAVEIRO ,2023,2.0
SEP6E16,Médio,SAVEIRO ROBUST 1.6 TOTAL FLEX 16V ,VW SAVEIRO ,VW SAVEIRO ,2023,2.0
SEP6E17,Médio,SAVEIRO ROBUST 1.6 TOTAL FLEX 16V ,VW SAVEIRO ,VW SAVEIRO ,2023,2.0
SEP6E18,Médio,SAVEIRO ROBUST 1.6 TOTAL FLEX 16V ,VW SAVEIRO ,VW SAVEIRO ,2023,2.0
SEP6E19,Médio,SAVEIRO ROBUST 1.6 TOTAL FLEX 16V ,VW SAVEIRO ,VW SAVEIRO ,2023,2.0
SEP6E20,Médio,SAVEIRO ROBUST 1.6 TOTAL FLEX 16V ,VW SAVEIRO ,VW SAVEIRO ,2023,2.0
SEP6E21,Médio,SAVEIRO ROBUST 1.6 TOTAL FLEX 16V ,VW SAVEIRO ,VW SAVEIRO ,2023,2.0
SEP6E22,Médio,SAVEIRO ROBUST 1.6 TOTAL FLEX 16V ,VW SAVEIRO ,VW SAVEIRO ,2023,2.0
SEP6E23,Médio,SAVEIRO ROBUST 1.6 TOTAL FLEX 16V ,VW SAVEIRO ,VW SAVEIRO ,2023,2.0
SEP6E24,Médio,SAVEIRO ROBUST 1.6 TOTAL FLEX 16V ,VW SAVEIRO ,VW SAVEIRO ,2023,2.0
SEP6E26,Médio,SAVEIRO ROBUST 1.6 TOTAL FLEX 16V ,VW SAVEIRO ,VW SAVEIRO ,2023,2.0
SEP6E28,Médio,SAVEIRO ROBUST 1.6 TOTAL FLEX 16V ,VW SAVEIRO ,VW SAVEIRO ,2023,2.0
SEP6E30,Médio,SAVEIRO ROBUST 1.6 TOTAL FLEX 16V ,VW SAVEIRO ,VW SAVEIRO ,2023,2.0
SEP6E33,Médio,SAVEIRO ROBUST 1.6 TOTAL FLEX 16V ,VW SAVEIRO ,VW SAVEIRO ,2023,2.0
SEP6E34,Médio,SAVEIRO ROBUST 1.6 TOTAL FLEX 16V ,VW SAVEIRO ,VW SAVEIRO ,2023,2.0
SEP6E35,Médio,SAVEIRO ROBUST 1.6 TOTAL FLEX 16V ,VW SAVEIRO ,VW SAVEIRO ,2023,2.0
SEP6E36,Médio,SAVEIRO ROBUST 1.6 TOTAL FLEX 16V ,VW SAVEIRO ,VW SAVEIRO ,2023,2.0
SEP8G23,Pesado,MASTER 2.3 DCI EXTRA FURGÃO 16V DIESEL,RENAULT MASTER,RENAULT MASTER,2024,2.0
SEP8G24,Pesado,MASTER 2.3 DCI EXTRA FURGÃO 16V DIESEL,RENAULT MASTER,RENAULT MASTER,2024,2.0
SEQ4C62,Médio,STRADA ENDURANCE 1.4 FLEX 8V CS PLUS,FIAT STRADA ,FIAT STRADA ,2023,3.0
SER6J04,Leve,CRONOS DRIVE 1.0 6V FLEX,FIAT CRONOS,FIAT CRONOS,2023,2.0
SER6J08,Leve,CRONOS DRIVE 1.0 6V FLEX,FIAT CRONOS,FIAT CRONOS,2023,2.0
SER6J12,Leve,CRONOS DRIVE 1.0 6V FLEX,FIAT CRONOS,FIAT CRONOS,2023,2.0
SES0D47,Pesado,MASTER 2.3 DCI EXTRA FURGÃO 16V DIESEL,RENAULT MASTER,RENAULT MASTER,2024,2.0
SES1B62,Pesado,MASTER 2.3 DCI CHASSI 16V DIESEL,RENAULT MASTER CHASSI ,RENAULT MASTER,2024,1.0
SES1B65,Pesado,MASTER 2.3 DCI CHASSI 16V DIESEL,RENAULT MASTER CHASSI ,RENAULT MASTER,2024,1.0
SES1G46,Leve,CRONOS DRIVE 1.0 6V FLEX,FIAT CRONOS,FIAT CRONOS,2023,2.0
SES2D41,Caminhão17Ton,30-330 CONSTELLATION 8X2 2P (DIESEL)(E5),VOLVO VM 330 ,CAMINHÃO BITRUCK,2023,2.0
SES4D42,Leve,CRONOS DRIVE 1.0 6V FLEX,FIAT CRONOS,FIAT CRONOS,2023,2.0
SET4H66,Caminhão4.2Ton,HD80 3.0 16V (DIESEL)(E5),HY HD80 ,CAMINHÃO 3/4,2023,2.0
SET9J51,Pesado,SPRINTER 417 CHASSI L.T.B. DIES. (E6),MB SPRINTER CHASSI,MB SPRINTER ,2023,2.0
SEU1E66,Caminhão4.2Ton,HD80 3.0 16V (DIESEL)(E5),HY HD80 ,CAMINHÃO 3/4,2023,2.0
SEU2F72,Caminhão4.2Ton,HD80 3.0 16V (DIESEL)(E5),HY HD80 ,CAMINHÃO 3/4,2023,2.0
SEU2F73,Caminhão4.2Ton,HD80 3.0 16V (DIESEL)(E5),HY HD80 ,CAMINHÃO 3/4,2023,2.0
SEU2F74,Caminhão4.2Ton,HD80 3.0 16V (DIESEL)(E5),HY HD80 ,CAMINHÃO 3/4,2023,2.0
SEV2J95,Leve,SPIN PREMIER 1.8 8V ECONO.FLEX 5P AUT.,GM SPIN ,GM SPIN ,2024,1.0
SEW5B71,Caminhão17Ton,30-330 CONSTELLATION 8X2 2P (DIESEL)(E5),VOLVO VM 330 ,CAMINHÃO BITRUCK,2023,2.0
SEW5B72,Caminhão17Ton,30-330 CONSTELLATION 8X2 2P (DIESEL)(E5),VOLVO VM 330 ,CAMINHÃO BITRUCK,2023,2.0
SEY5E62,Pesado,MASTER 2.3 DCI GRAND FURGÃO16V DIESEL,RENAULT MASTER,RENAULT MASTER,2024,1.0
SEY5E63,Pesado,MASTER 2.3 DCI GRAND FURGÃO16V DIESEL,RENAULT MASTER,RENAULT MASTER,2024,1.0
SEY8A97,Caminhão7.5Ton,14-210 CONSTELLATION 4X2 2P (DIESEL)(E6),VW 14 210,CAMINHÃO TOCO ,2024,1.0
SEZ3A74,Pesado,MASTER 2.3 DCI CHASSI 16V DIESEL,RENAULT MASTER CHASSI ,RENAULT MASTER,2024,1.0
SEZ3A79,Pesado,MASTER 2.3 DCI CHASSI 16V DIESEL,RENAULT MASTER CHASSI ,RENAULT MASTER,2024,1.0
SEZ7E35,Médio,FIORINO ENDURANCE EVO 1.4 FLEX 8V 2P,FIAT FIORINO ,FIAT FIORINO ,2022,3.0
SFA0J37,Pesado,MASTER 2.3 DCI CHASSI 16V DIESEL,RENAULT MASTER CHASSI ,RENAULT MASTER,2024,1.0
SFA0J40,Pesado,MASTER 2.3 DCI CHASSI 16V DIESEL,RENAULT MASTER CHASSI ,RENAULT MASTER,2024,1.0
SFA6I75,Pesado,MASTER 2.3 DCI GRAND FURGÃO16V DIESEL,RENAULT MASTER,RENAULT MASTER,2024,1.0
SFA6I76,Pesado,MASTER 2.3 DCI GRAND FURGÃO16V DIESEL,RENAULT MASTER,RENAULT MASTER,2024,1.0
SFA6I77,Pesado,MASTER 2.3 DCI GRAND FURGÃO16V DIESEL,RENAULT MASTER,RENAULT MASTER,2024,1.0
SFA8J31,Leve,POLO TRACK 1.0 FLEX 12V 5P,VW POLO,VW POLO,2024,2.0
SFC4I51,Leve,POLO TRACK 1.0 FLEX 12V 5P,VW POLO,VW POLO,2023,2.0
SFD2H30,MÉDIO,SAVEIRO ROBUST 1.6 TOTAL FLEX 16V ,VW SAVEIRO ,VW SAVEIRO ,2024,1.0
SFD2H31,Médio,SAVEIRO ROBUST 1.6 TOTAL FLEX 16V ,VW SAVEIRO ,VW SAVEIRO ,2024,1.0
SFD2H32,Médio,SAVEIRO ROBUST 1.6 TOTAL FLEX 16V ,VW SAVEIRO ,VW SAVEIRO ,2024,1.0
SFD2H34,Médio,SAVEIRO ROBUST 1.6 TOTAL FLEX 16V ,VW SAVEIRO ,VW SAVEIRO ,2024,1.0
SFD2H37,Médio,SAVEIRO ROBUST 1.6 TOTAL FLEX 16V ,VW SAVEIRO ,VW SAVEIRO ,2024,1.0
SFD2H38,Médio,SAVEIRO ROBUST 1.6 TOTAL FLEX 16V ,VW SAVEIRO ,VW SAVEIRO ,2024,1.0
SFD3E84,Médio,STRADA ENDURANCE 1.3 FLEX 8V CS,FIAT STRADA ,FIAT STRADA,2024,2.0
SFD5C28,Pesado,SPRINTER 417 FURGÃO L.T.A. DIESEL (E6),MB SPRINTER ,MB SPRINTER ,2024,1.0
SFD5C29,Pesado,SPRINTER 417 FURGÃO L.T.A. DIESEL (E6),MB SPRINTER ,MB SPRINTER ,2024,1.0
SFD5C30,Pesado,SPRINTER 417 FURGÃO L.T.A. DIESEL (E6),MB SPRINTER ,MB SPRINTER ,2024,1.0
SFD5C31,Pesado,SPRINTER 417 FURGÃO L.T.A. DIESEL (E6),MB SPRINTER ,MB SPRINTER ,2024,1.0
SFD5C32,Pesado,SPRINTER 417 FURGÃO EXT. L.T.A DIE. (E6),MB SPRINTER ,MB SPRINTER ,2024,1.0
SFD5C33,Pesado,SPRINTER 417 FURGÃO EXT. L.T.A DIE. (E6),MB SPRINTER ,MB SPRINTER ,2024,1.0
SFD5C34,Pesado,SPRINTER 417 FURGÃO EXT. L.T.A DIE. (E6),MB SPRINTER ,MB SPRINTER ,2024,1.0
SFD5C35,Pesado,SPRINTER 417 FURGÃO EXT. L.T.A DIE. (E6),MB SPRINTER ,MB SPRINTER ,2024,1.0
SFD5C36,Pesado,SPRINTER 417 FURGÃO EXT. L.T.A DIE. (E6),MB SPRINTER ,MB SPRINTER ,2024,1.0
SFD5C37,Pesado,SPRINTER 417 FURGÃO L.T.A. DIESEL (E6),MB SPRINTER ,MB SPRINTER ,2024,1.0
SFD9G67,Caminhão4.2Ton,ACCELO 817 4X2 2P (DIESEL)(E6),MB ACCELO 817,CAMINHÃO 3/4 ,2023,2.0
SFE8H54,Caminhão10.5Ton,ATEGO 1719 4X2 2P (DIESEL)(E6),MB ATEGO 1719,CAMINHÃO TOCO ,2024,1.0
SFE8H55,Caminhão10.5Ton,ATEGO 1719 4X2 2P (DIESEL)(E6),MB ATEGO 1719,CAMINHÃO TOCO ,2024,1.0
SFF3C30,Caminhão12Ton,VM 290 6X2 2P (DIESEL) (E6),VOLVO VM 290,CAMINHÃO TRUCK ,2024,1.0
SFF3C31,Pesado,SPRINTER 417 FURGÃO L.T.A. DIESEL (E6),MB SPRINTER ,MB SPRINTER ,2024,1.0
SFF3C33,Pesado,SPRINTER 417 FURGÃO L.T.A. DIESEL (E6),MB SPRINTER ,MB SPRINTER ,2024,1.0
SFF9H63,Pesado,SPRINTER 417 FURGÃO L.T.A. DIESEL (E6),MB SPRINTER ,MB SPRINTER ,2024,1.0
SFF9H64,Pesado,SPRINTER 417 FURGÃO L.T.A. DIESEL (E6),MB SPRINTER ,MB SPRINTER ,2024,1.0
SFF9H65,Pesado,SPRINTER 417 FURGÃO L.T.A. DIESEL (E6),MB SPRINTER ,MB SPRINTER ,2024,1.0
SFF9H66,Pesado,SPRINTER 417 FURGÃO L.T.A. DIESEL (E6),MB SPRINTER ,MB SPRINTER ,2024,1.0
SFF9H67,Pesado,SPRINTER 417 FURGÃO L.T.A. DIESEL (E6),MB SPRINTER ,MB SPRINTER ,2024,1.0
SFF9H68,Pesado,SPRINTER 417 FURGÃO L.T.A. DIESEL (E6),MB SPRINTER ,MB SPRINTER ,2024,1.0
SFF9H69,Pesado,SPRINTER 417 FURGÃO L.T.A. DIESEL (E6),MB SPRINTER ,MB SPRINTER ,2024,1.0
SFF9H70,Pesado,SPRINTER 417 FURGÃO L.T.A. DIESEL (E6),MB SPRINTER ,MB SPRINTER ,2024,1.0
SFH3I29,Caminhão4.2Ton,HD80 3.0 16V (DIESEL)(E5),HY HD80 ,CAMINHÃO 3/4,2023,2.0
SFH5C96,Leve,POLO TRACK 1.0 FLEX 12V 5P,VW POLO,VW POLO,2024,2.0
SFI4A19,Pesado,SPRINTER 417 FURGÃO L.T.A. DIESEL (E6),MB SPRINTER ,MB SPRINTER ,2024,1.0
SFI4A20,Pesado,SPRINTER 417 FURGÃO L.T.A. DIESEL (E6),MB SPRINTER ,MB SPRINTER ,2024,1.0
SFI4A34,Pesado,SPRINTER 417 FURGÃO L.T.A. DIESEL (E6),MB SPRINTER ,MB SPRINTER ,2024,1.0
SFI4A35,Pesado,SPRINTER 417 FURGÃO L.T.A. DIESEL (E6),MB SPRINTER ,MB SPRINTER ,2024,1.0
SFI4A36,Pesado,SPRINTER 417 FURGÃO L.T.A. DIESEL (E6),MB SPRINTER ,MB SPRINTER ,2024,1.0
SFI4A38,Pesado,SPRINTER 417 FURGÃO L.T.A. DIESEL (E6),MB SPRINTER ,MB SPRINTER ,2024,1.0
SFI5F67,Pesado,SPRINTER 417 FURGÃO L.T.A. DIESEL (E6),MB SPRINTER ,MB SPRINTER ,2024,1.0
SFI6G49,Leve,VIRTUS TSI 1.0 FLEX 12V 4P AUT.,VW VIRTUS,VW VIRTUS,2024,1.0
SFI6G52,Leve,VIRTUS TSI 1.0 FLEX 12V 4P AUT.,VW VIRTUS,VW VIRTUS,2024,1.0
SFI6G54,Leve,VIRTUS TSI 1.0 FLEX 12V 4P AUT.,VW VIRTUS,VW VIRTUS,2024,1.0
SFI6G56,Leve,VIRTUS TSI 1.0 FLEX 12V 4P AUT.,VW VIRTUS,VW VIRTUS,2024,1.0
SFI6J88,Pesado,SPRINTER 417 FURGÃO L.T.A. DIESEL (E6),MB SPRINTER ,MB SPRINTER ,2024,1.0
SFI6J89,Pesado,SPRINTER 417 FURGÃO L.T.A. DIESEL (E6),MB SPRINTER ,MB SPRINTER ,2024,1.0
SFJ4D58,Pesado,SPRINTER 417 FURGÃO L.T.A. DIESEL (E6),MB SPRINTER ,MB SPRINTER ,2024,1.0
SFJ4D59,Pesado,SPRINTER 417 FURGÃO EXT. L.T.A DIE. (E6),MB SPRINTER ,MB SPRINTER ,2024,1.0
SFJ5H71,Caminhão12Ton,VM 290 6X2 2P (DIESEL) (E6),VOLVO VM 290,CAMINHÃO TRUCK ,2024,1.0
SFJ5H72,Caminhão12Ton,VM 290 6X2 2P (DIESEL) (E6),VOLVO VM 290,CAMINHÃO TRUCK ,2024,1.0
SFK1E38,Caminhão4.2Ton,HD80 3.0 16V (DIESEL)(E5),HY HD80 ,CAMINHÃO 3/4,2023,2.0
SFK1E48,Caminhão4.2Ton,HD80 3.0 16V (DIESEL)(E5),HY HD80 ,CAMINHÃO 3/4,2023,2.0
SFK1E50,Caminhão9Ton,ATEGO 1419 4X2 2P (DIESEL)(E6),	MB ATEGO 1419,CAMINHÃO TOCO ,2024,1.0
SFL1E46,Leve,POLO TRACK 1.0 FLEX 12V 5P,VW POLO,VW POLO,2023,3.0
SFL2F07,Caminhão4.2Ton,HD80 3.0 16V (DIESEL)(E5),HY HD80 ,CAMINHÃO 3/4,2023,2.0
SFL3H42,Caminhão4.2Ton,HD80 3.0 16V (DIESEL)(E5),HY HD80 ,CAMINHÃO 3/4,2023,2.0
SFL9J84,Pesado,SPRINTER 417 FURGÃO CURTO T.B. DIE. (E6),MB SPRINTER ,MB SPRINTER ,2024,1.0
SFM2I59,Caminhão5.5Ton,ACCELO 1017 4X2 2P (DIESEL) (E6),MB ACCELO 1017,CAMINHÃO 3/4,2024,1.0
SFM3H28,Caminhão5.5Ton,ACCELO 1017 4X2 2P (DIESEL) (E6),MB ACCELO 1017,CAMINHÃO 3/4,2024,1.0
SFM3H30,Caminhão5.5Ton,ACCELO 1017 4X2 2P (DIESEL) (E6),MB ACCELO 1017,CAMINHÃO 3/4,2024,1.0
SFM3H31,Caminhão5.5Ton,ACCELO 1017 4X2 2P (DIESEL) (E6),MB ACCELO 1017,CAMINHÃO 3/4,2024,1.0
SFM3H34,Caminhão5.5Ton,ACCELO 1017 4X2 2P (DIESEL) (E6),MB ACCELO 1017,CAMINHÃO 3/4,2024,1.0
SFM3H40,Pesado,SPRINTER 417 FURGÃO CURTO T.B. DIE. (E6),MB SPRINTER ,MB SPRINTER ,2024,1.0
SFM3H41,Pesado,SPRINTER 417 FURGÃO CURTO T.B. DIE. (E6),MB SPRINTER ,MB SPRINTER ,2024,1.0
SFM3H42,Pesado,SPRINTER 417 FURGÃO CURTO T.B. DIE. (E6),MB SPRINTER ,MB SPRINTER ,2024,1.0
SFM3H44,Pesado,SPRINTER 417 FURGÃO CURTO T.B. DIE. (E6),MB SPRINTER ,MB SPRINTER ,2024,1.0
SFM3H45,Pesado,SPRINTER 417 FURGÃO CURTO T.B. DIE. (E6),MB SPRINTER ,MB SPRINTER ,2024,1.0
SFM3H46,Pesado,SPRINTER 417 FURGÃO CURTO T.B. DIE. (E6),MB SPRINTER ,MB SPRINTER ,2024,1.0
SFM3H48,Pesado,SPRINTER 417 FURGÃO CURTO T.B. DIE. (E6),MB SPRINTER ,MB SPRINTER ,2024,1.0
SFM3H49,Pesado,SPRINTER 417 FURGÃO CURTO T.B. DIE. (E6),MB SPRINTER ,MB SPRINTER ,2024,1.0
SFM3H52,Pesado,SPRINTER 417 FURGÃO CURTO T.B. DIE. (E6),MB SPRINTER ,MB SPRINTER ,2024,1.0
SFM3H54,Pesado,SPRINTER 417 FURGÃO CURTO T.B. DIE. (E6),MB SPRINTER ,MB SPRINTER ,2024,1.0
SFN2E86,Pesado,SPRINTER 417 FURGÃO CURTO T.B. DIE. (E6),MB SPRINTER ,MB SPRINTER ,2024,1.0
SFN8F94,Caminhão12Ton,VM 290 6X2 2P (DIESEL) (E6),VOLVO VM 290,CAMINHÃO TRUCK ,2024,1.0
TAJ3D96,Caminhão10.5Ton,17-210 CONSTELLATION 4X2 2P (DIESEL)(E6),VW 17 210,CAMINHÃO TOCO ,2024,1.0
TAJ6B89,Médio,STRADA ENDURANCE 1.3 FLEX 8V CS,FIAT STRADA ,FIAT STRADA,2025,1.0
TAP2C35,Pesado,SPRINTER 417 FURGÃO L.T.A. DIESEL (E6),MB SPRINTER ,MB SPRINTER ,2024,1.0
TAP2C36,Pesado,SPRINTER 417 FURGÃO L.T.A. DIESEL (E6),MB SPRINTER ,MB SPRINTER ,2024,1.0
TAP2C38,Pesado,SPRINTER 417 FURGÃO L.T.A. DIESEL (E6),MB SPRINTER ,MB SPRINTER ,2024,1.0
TAP2C39,Pesado,SPRINTER 417 FURGÃO L.T.A. DIESEL (E6),MB SPRINTER ,MB SPRINTER ,2024,1.0
TAP2C40,Pesado,SPRINTER 417 FURGÃO L.T.A. DIESEL (E6),MB SPRINTER ,MB SPRINTER ,2024,1.0
TAP3G60,Pesado,SPRINTER 417 FURGÃO EXT. L.T.A DIE. (E6),MB SPRINTER ,MB SPRINTER ,2024,1.0
TAS4G97,Pesado,SPRINTER 417 FURGÃO L.T.A. DIESEL (E6),MB SPRINTER ,MB SPRINTER ,2024,1.0
TAS4G98,Pesado,SPRINTER 417 FURGÃO L.T.A. DIESEL (E6),MB SPRINTER ,MB SPRINTER ,2024,1.0
TAS4G99,Pesado,SPRINTER 417 FURGÃO L.T.A. DIESEL (E6),MB SPRINTER ,MB SPRINTER ,2024,1.0
TAS4H01,Pesado,SPRINTER 417 FURGÃO L.T.A. DIESEL (E6),MB SPRINTER ,MB SPRINTER ,2024,1.0
TAS4H02,Pesado,SPRINTER 417 FURGÃO L.T.A. DIESEL (E6),MB SPRINTER ,MB SPRINTER ,2024,1.0
TAS4H03,Pesado,SPRINTER 417 FURGÃO L.T.A. DIESEL (E6),MB SPRINTER ,MB SPRINTER ,2024,1.0
TAS4H04,Pesado,SPRINTER 417 FURGÃO L.T.A. DIESEL (E6),MB SPRINTER ,MB SPRINTER ,2024,1.0
TAS4H06,Pesado,SPRINTER 417 FURGÃO L.T.A. DIESEL (E6),MB SPRINTER ,MB SPRINTER ,2024,1.0
TAS4H09,Pesado,SPRINTER 517 F. EXT. L. T.A. DIE. (E6),MB SPRINTER ,MB SPRINTER ,2024,1.0
TAS4H11,Pesado,SPRINTER 417 FURGÃO L.T.A. DIESEL (E6),MB SPRINTER ,MB SPRINTER ,2024,1.0
TAS4H12,Pesado,SPRINTER 417 FURGÃO L.T.A. DIESEL (E6),MB SPRINTER ,MB SPRINTER ,2024,1.0
TAS4H20,Pesado,SPRINTER 517 F. EXT. L. T.A. DIE. (E6),MB SPRINTER ,MB SPRINTER ,2025,0.0
TAV9E95,Caminhão10.5Ton,ATEGO 1719 4X2 2P (DIESEL)(E6),MB ATEGO 1719,CAMINHÃO TOCO ,2024,1.0
TAV9E96,Caminhão10.5Ton,ATEGO 1719 4X2 2P (DIESEL)(E6),MB ATEGO 1719,CAMINHÃO TOCO ,2024,1.0
TAW2B27,Caminhão6Ton,11-180 DELIVERY 4X2 2P (DIESEL)(E6),VW 11 180 DRC 4X2,CAMINHÃO 3/4,2025,0.0
TAW3H21,Pesado,SPRINTER 417 FURGÃO L.T.A. DIESEL (E6),MB SPRINTER ,MB SPRINTER ,2024,1.0
TAW3H22,Pesado,SPRINTER 417 FURGÃO L.T.A. DIESEL (E6),MB SPRINTER ,MB SPRINTER ,2024,1.0
TAW7H30,Caminhão6Ton,11-180 DELIVERY 4X2 2P (DIESEL)(E6),VW 11 180 DRC 4X2,CAMINHÃO 3/4,2025,0.0
TAW7H31,Caminhão10.5Ton,ATEGO 1719 4X2 2P (DIESEL)(E6),MB ATEGO 1719,CAMINHÃO TOCO ,2024,1.0
TAX5J72,Caminhão10.5Ton,ATEGO 1719 4X2 2P (DIESEL)(E6),MB ATEGO 1719,CAMINHÃO TOCO ,2024,1.0
TAZ4A46,Pesado,MASTER 2.3 DCI GRAND FURGÃO16V DIESEL,RENAULT MASTER,RENAULT MASTER,2024,1.0
TAZ4A48,Pesado,MASTER 2.3 DCI GRAND FURGÃO16V DIESEL,RENAULT MASTER,RENAULT MASTER,2024,1.0
TAZ4A49,Pesado,MASTER 2.3 DCI GRAND FURGÃO16V DIESEL,RENAULT MASTER,RENAULT MASTER,2025,0.0
TAZ7D64,Pesado,MASTER 2.3 DCI FURGÃO 16V DIESEL,RENAULT MASTER,RENAULT MASTER,2024,1.0
TAZ7D65,Pesado,MASTER 2.3 DCI FURGÃO 16V DIESEL,RENAULT MASTER,RENAULT MASTER,2025,0.0
TBA7D21,Pesado,SPRINTER 517 F. EXT. L. T.A. DIE. (E6),MB SPRINTER ,MB SPRINTER ,2025,0.0
TBG7A10,Caminhão12Ton,ATEGO 2429 6X2 2P (DIESEL)(E6),MB ATEGO 2430,CAMINHÃO TRUCK ,2025,0.0
TBG7A13,Caminhão12Ton,ATEGO 2429 6X2 2P (DIESEL)(E6),MB ATEGO 2430,CAMINHÃO TRUCK ,2025,0.0
TBK1J24,Pesado,SPRINTER 517 F. EXT. L.P.T.A. DIE. (E6),MB SPRINTER ,MB SPRINTER ,2024,1.0
BDE5I40,Pesado,SPRINTER 515 FURGÃO E.L.T. ALTO 2.2 DIE.,MB SPRINTER ,MB SPRINTER ,2024,1.0
BDZ5E70,Moto,CG 160 START,CG 160 START,CG 160 START,2020,5.0
BEY4C18,Caminhão9Ton,13-180 DELIVERY 6X2 2P (DIESEL)(E5),VW 13 180 DRC ,CAMINHÃO TOCO ,2022,3.0
RHS8D28,Médio,FIORINO ENDURANCE EVO 1.4 FLEX 8V 2P,FIAT FIORINO ,FIAT FIORINO ,2022,3.0
RHS8D36,Médio,FIORINO ENDURANCE EVO 1.4 FLEX 8V 2P,FIAT FIORINO ,FIAT FIORINO ,2022,3.0
SDU9E81,Médio,SAVEIRO ROBUST 1.6 TOTAL FLEX 16V ,VW SAVEIRO ,VW SAVEIRO ,2022,3.0
SDU9F92,Médio,SAVEIRO ROBUST 1.6 TOTAL FLEX 16V ,VW SAVEIRO ,VW SAVEIRO ,2022,3.0
SDU9G03,Médio,SAVEIRO ROBUST 1.6 TOTAL FLEX 16V ,VW SAVEIRO ,VW SAVEIRO ,2023,2.0
SEI5B88,Médio,SAVEIRO ROBUST 1.6 TOTAL FLEX 16V ,VW SAVEIRO ,VW SAVEIRO ,2023,2.0
SEP6E15,Médio,SAVEIRO ROBUST 1.6 TOTAL FLEX 16V ,VW SAVEIRO ,VW SAVEIRO ,2023,2.0
SEH4I03,Pesado,MASTER 2.3 DCI EXTRA FURGÃO 16V DIESEL,RENAULT MASTER CURTA,RENAULT MASTER,2024,2.0
SEU3H09,Caminhão4.2Ton,HD80 3.0 16V (DIESEL)(E5),HY HD80 ,CAMINHÃO 3/4,2023,2.0
SEC7A68,Leve,ARGO 1.0 6V FLEX.,FIAT ARGO,FIAT ARGO,2023,2.0
TBK1J34,Pesado,SPRINTER 517 F. EXT. L.P.T.A. DIE. (E6),MB SPRINTER ,MB SPRINTER ,2025,0.0
TBK1J46,Pesado,SPRINTER 517 F. EXT. L.P.T.A. DIE. (E6),MB SPRINTER ,MB SPRINTER ,2025,0.0
TBE5I67,Médio,SAVEIRO ROBUST 1.6 TOTAL FLEX 16V ,VW SAVEIRO ,VW SAVEIRO ,2024,1.0
TBE5I64,Médio,SAVEIRO ROBUST 1.6 TOTAL FLEX 16V ,VW SAVEIRO ,VW SAVEIRO ,2024,1.0
TBE5I62,Médio,SAVEIRO ROBUST 1.6 TOTAL FLEX 16V ,VW SAVEIRO ,VW SAVEIRO ,2024,1.0
TBE5I65,Médio,SAVEIRO ROBUST 1.6 TOTAL FLEX 16V ,VW SAVEIRO ,VW SAVEIRO ,2024,1.0
TBE5I66,Médio,SAVEIRO ROBUST 1.6 TOTAL FLEX 16V ,VW SAVEIRO ,VW SAVEIRO ,2024,1.0
TBE5I63,Médio,SAVEIRO ROBUST 1.6 TOTAL FLEX 16V ,VW SAVEIRO ,VW SAVEIRO ,2024,1.0
SDT4B08,Médio,STRADA ENDURANCE 1.4 FLEX 8V CS PLUS,FIAT STRADA ,FIAT STRADA ,2023,3.0
SFD5C40,Médio,STRADA ENDURANCE 1.3 FLEX 8V CS,FIAT STRADA ,FIAT STRADA,2024,2.0
TAI4I92,Médio,STRADA ENDURANCE 1.3 FLEX 8V CS,FIAT STRADA ,FIAT STRADA,2024,2.0
SEE9I35,Médio,STRADA ENDURANCE 1.4 FLEX 8V CS PLUS,FIAT STRADA ,FIAT STRADA ,2023,3.0
SDX2A65,Médio,PARTNER RAPID BUSIN.1.4 FLEX MEC.,PEUGEOT ,PEUGEOT PARTNER ,2023,2.0
SFA8I75,Leve,POLO TRACK 1.0 FLEX 12V 5P,VW POLO,VW POLO,2023,3.0
SEC5E64,Médio,STRADA ENDURANCE 1.4 FLEX 8V CS PLUS,FIAT STRADA ,FIAT STRADA ,2023,3.0
SEP8G12,Médio,STRADA ENDURANCE 1.4 FLEX 8V CS PLUS,FIAT STRADA ,FIAT STRADA ,2023,3.0
TBQ1G07,Pesado,MASTER 2.3 DCI GRAND FURGÃO16V DIESEL,RENAULT MASTER,RENAULT MASTER,2025,0.0
TBS6E45,Caminhão12Ton,VM 290 6X2 2P (DIESEL) (E6),VOLVO VM 290,CAMINHÃO TRUCK ,2024,1.0
TBJ8E28,Médio,FIORINO ENDURANCE 1.3 FLEX 8V 2P,FIAT FIORINO ,FIAT FIORINO ,2025,0.0
TBQ1G09,Pesado,MASTER 2.3 DCI GRAND FURGÃO16V DIESEL,RENAULT MASTER,RENAULT MASTER,2025,0.0
SDW2F08,Médio,STRADA ENDURANCE 1.4 FLEX 8V CS PLUS,FIAT STRADA ,FIAT STRADA ,2023,3.0
SEP8F99,Médio,STRADA ENDURANCE 1.4 FLEX 8V CS PLUS,FIAT STRADA ,FIAT STRADA ,2023,3.0
TBQ1G10,Pesado,MASTER 2.3 DCI GRAND FURGÃO16V DIESEL,RENAULT MASTER,RENAULT MASTER,2025,0.0
TBQ1G12,Pesado,MASTER 2.3 DCI GRAND FURGÃO16V DIESEL,RENAULT MASTER,RENAULT MASTER,2025,0.0
TAX6J56,Médio,FIORINO ENDURANCE EVO 1.4 FLEX 8V 2P,FIAT FIORINO ,FIAT FIORINO ,2025,0.0
TBQ1G08,Pesado,MASTER 2.3 DCI GRAND FURGÃO16V DIESEL,RENAULT MASTER,RENAULT MASTER,2025,0.0
SER6J18,Leve,CRONOS DRIVE 1.0 6V FLEX,FIAT CRONOS,FIAT CRONOS,2023,2.0
BEB5D93,Leve,VOYAGE 1.6 MSI FLEX 8V 4P,VW VOYAGE,VW VOYAGE,2021,4.0
SDT8J77,Médio,STRADA ENDURANCE 1.4 FLEX 8V CS PLUS,FIAT STRADA ,FIAT STRADA ,2022,4.0
SDW2G50,Médio,STRADA ENDURANCE 1.4 FLEX 8V CS PLUS,FIAT STRADA ,FIAT STRADA,2024,2.0
TAN3H91,Médio,STRADA ENDURANCE 1.3 FLEX 8V CS,FIAT STRADA ,FIAT STRADA,2024,2.0
SFE4B63,Médio,STRADA ENDURANCE 1.3 FLEX 8V CS,FIAT STRADA ,FIAT STRADA,2024,2.0
SES1H28,Leve,CRONOS DRIVE 1.0 6V FLEX,VW GOL 1 0,VW GOL ,2023,2.0
TBW9G12,Caminhão12Ton,26-260 CONSTELLATION 6X2 2P (DIESEL)(E6),VOLVO VM 290,CAMINHÃO TRUCK ,2024,1.0
SDT4A76,Médio,STRADA ENDURANCE 1.4 FLEX 8V CS PLUS,FIAT STRADA ,FIAT STRADA,2022,4.0
SDT4B61,Médio,STRADA ENDURANCE 1.4 FLEX 8V CS PLUS,FIAT STRADA ,FIAT STRADA,2022,4.0
SDT4B56,Médio,STRADA ENDURANCE 1.4 FLEX 8V CS PLUS,FIAT STRADA ,FIAT STRADA,2022,4.0
SFI6G50,Leve,VIRTUS TSI 1.0 FLEX 12V 4P AUT.,VW VIRTUS,VW VIRTUS,2024,1.0
SFA8J05,Leve,POLO TRACK 1.0 FLEX 12V 5P,VW POLO,VW POLO,2023,3.0
RHF1B93,Leve,UNO DRIVE 1.0 FLEX 6V 5P,FIAT UNO,FIAT UNO ,2021,4.0
TBZ6H92,Leve,SPIN LTZ 1.8 8V ECONO.FLEX 5P AUT.,MB SPRINTER ,MB SPRINTER ,2024,1.0
SFN4F71,Médio,STRADA ENDURANCE 1.3 FLEX 8V CS PLUS,FIAT STRADA ,FIAT STRADA,2024,2.0
SFK0F56,Médio,STRADA ENDURANCE 1.3 FLEX 8V CS,FIAT STRADA ,FIAT STRADA,2024,2.0
SFN1H57,Médio,STRADA ENDURANCE 1.3 FLEX 8V CS,FIAT STRADA ,FIAT STRADA,2024,2.0
SFN1H25,Médio,STRADA ENDURANCE 1.3 FLEX 8V CS,FIAT STRADA ,FIAT STRADA,2024,2.0
UAV5J69,Médio,STRADA ENDURANCE 1.3 FLEX 8V CS,FIAT STRADA ,FIAT STRADA,2025,1.0
UAV5J71,Médio,STRADA ENDURANCE 1.3 FLEX 8V CS,FIAT STRADA ,FIAT STRADA,2025,1.0
UAV5J73,Médio,STRADA ENDURANCE 1.3 FLEX 8V CS,FIAT STRADA ,FIAT STRADA,2025,1.0
UAV5J75,Médio,STRADA ENDURANCE 1.3 FLEX 8V CS,FIAT STRADA ,FIAT STRADA,2025,1.0
SFL2F19,Médio,STRADA ENDURANCE 1.3 FLEX 8V CS,FIAT STRADA ,FIAT STRADA,2024,2.0
SEG5A93,Leve,POLO TRACK 1.0 FLEX 12V 5P,VW POLO,VW POLO,2023,3.0
UBA9H32,Pesado,MASTER 2.3 DCI EXTRA FURGÃO 16V DIESEL,RENAULT MASTER,RENAULT MASTER,2025,1.0
UBA9H34,Pesado,MASTER 2.3 DCI EXTRA FURGÃO 16V DIESEL,RENAULT MASTER,RENAULT MASTER,2025,1.0
UBC1A56,Pesado,SPRINTER 517 F. EXT. L.P.T.A. DIE. (E6),MB SPRINTER,MB SPRINTER,2025,0.0
SFD5C38,Médio,STRADA ENDURANCE 1.3 FLEX 8V CS,FIAT STRADA,FIAT STRADA,2024,2.0
SFJ4D49,Médio,STRADA ENDURANCE 1.3 FLEX 8V CS,FIAT STRADA,FIAT STRADA,2025,1.0
UBF1G83,Pesado,MASTER 2.3 DCI GRAND FURGÃO16V DIESEL,RENAULT MASTER,RENAULT MASTER,2025,0.0
UBF1G84,Pesado,MASTER 2.3 DCI GRAND FURGÃO16V DIESEL,RENAULT MASTER,RENAULT MASTER,2025,0.0
UBF1G86,Pesado,MASTER 2.3 DCI GRAND FURGÃO16V DIESEL,RENAULT MASTER,RENAULT MASTER,2025,0.0
SEP3C30,Médio,STRADA ENDURANCE 1.4 FLEX 8V CS PLUS,FIAT STRADA ,FIAT STRADA,2023,2.0
UBD1I77,Pesado,TRANSIT FURGÃO 2.0 LONGO,FORD TRANSIT,FORD TRANSIT,2025,1.0
SFG3J52,Leve,POLO TRACK 1.0 FLEX 12V 5P,VW POLO,VW POLO,2023,3.0
SEP3C43,Médio,STRADA ENDURANCE 1.4 FLEX 8V CS PLUS,FIAT STRADA ,FIAT STRADA,2023,2.0
UBD6I31,Pesado,TRANSIT FURGÃO 2.0 LONGO,FORD TRANSIT,FORD TRANSIT,2025,
UBF1G63,Pesado,MASTER 2.3 DCI GRAND FURGÃO16V DIESEL,RENAULT MASTER,RENAULT MASTER,2025,0.0
UBF1G85,Pesado,MASTER 2.3 DCI GRAND FURGÃO16V DIESEL,RENAULT MASTER,RENAULT MASTER,2025,0.0
UBF1G87,Pesado,MASTER 2.3 DCI GRAND FURGÃO16V DIESEL,RENAULT MASTER,RENAULT MASTER,2025,0.0
UBH2J70,Pesado,MASTER 2.3 DCI GRAND FURGÃO16V DIESEL,RENAULT MASTER,RENAULT MASTER,2025,0.0
SEP8G07,Médio,STRADA ENDURANCE 1.4 FLEX 8V CS PLUS,FIAT STRADA ,FIAT STRADA,2023,2.0
SFC4I42,Leve,ARGO 1.0 6V FLEX.,FIAT ARGO,FIAT ARGO,2023,2.0
SFH5H88,Médio,STRADA ENDURANCE 1.4 FLEX 8V CS PLUS,FIAT STRADA ,FIAT STRADA,2023,2.0
SFI8F53,Médio,SAVEIRO ROBUST 1.6 TOTAL FLEX 16V ,VW SAVEIRO ,VW SAVEIRO ,2024,1.0
SFG4I63,Médio,FIORINO ENDURANCE EVO 1.4 FLEX 8V 2P,FIAT FIORINO ,FIAT FIORINO ,2024,1.0
SFI7I21,Médio,FIORINO ENDURANCE EVO 1.4 FLEX 8V 2P,FIAT FIORINO ,FIAT FIORINO ,2024,1.0
SFG5J27,Médio,STRADA ENDURANCE 1.3 FLEX 8V CS,FIAT STRADA,FIAT STRADA,2025,1.0
